operation_id,work_date,facility_id,shift_id,forecast_orders,actual_orders,planned_fte,planned_contract,absent_fte,absent_contract,present_fte,present_contract,overtime_hours,capacity_orders,processed_orders,backlog_orders,paid_hours,productive_hours,actual_productivity_per_hour,capacity_utilization,absence_rate,labour_cost_inr,cost_per_processed_order
1,2026-05-01,FC_BLR,S1,2900,2937,24,9,0,2,24,7,6,3116.8,2937,0,270.0,229.2,12.81,0.9423,0.0606,47196.0,16.07
2,2026-05-01,FC_BLR,S2,4245,3821,36,12,2,0,34,12,0,4286.6,3821,0,384.0,331.2,11.54,0.8914,0.0417,68227.2,17.86
3,2026-05-01,FC_BLR,S3,1975,2151,18,7,1,1,17,6,36,2118.6,2118,33,236.0,201.6,10.51,0.9997,0.08,48021.6,22.67
4,2026-05-01,FC_DEL,S1,3426,3422,30,10,2,0,28,10,0,3430.0,3422,0,320.0,273.6,12.51,0.9977,0.05,56640.0,16.55
5,2026-05-01,FC_DEL,S2,4521,4252,40,14,2,1,38,13,6,4455.1,4252,0,438.0,373.2,11.39,0.9544,0.0556,80467.72,18.92
6,2026-05-01,FC_DEL,S3,2742,2749,28,10,1,1,27,9,0,3034.3,2749,0,304.0,259.2,10.61,0.906,0.0526,59312.0,21.58
7,2026-05-01,FC_KOL,S1,2465,2526,23,8,2,1,21,7,21,2528.1,2526,0,269.0,222.6,11.35,0.9992,0.0968,45244.0,17.91
8,2026-05-01,FC_KOL,S2,2948,2853,27,10,2,0,25,10,0,2966.0,2853,0,296.0,252.0,11.32,0.9619,0.0541,49621.28,17.39
9,2026-05-01,FC_KOL,S3,1898,1786,18,7,0,1,18,6,0,1926.0,1786,0,200.0,172.8,10.34,0.9273,0.04,35860.0,20.08
10,2026-05-01,FC_MUM,S1,3462,3234,29,10,2,1,27,9,11,3242.8,3234,0,323.0,270.2,11.97,0.9973,0.0769,59109.0,18.28
11,2026-05-01,FC_MUM,S2,4058,3558,37,13,0,1,37,12,0,4457.4,3558,0,400.0,352.8,10.09,0.7982,0.02,74275.36,20.88
12,2026-05-01,FC_MUM,S3,2097,2135,21,7,1,0,20,7,0,2179.1,2135,0,224.0,194.4,10.98,0.9797,0.0357,44352.0,20.77
13,2026-05-01,FC_HYD,S1,2308,2665,19,7,0,1,19,6,36,2568.8,2568,97,244.0,216.0,11.89,0.9997,0.0385,43484.0,16.93
14,2026-05-01,FC_HYD,S2,3308,3183,30,11,1,1,29,10,0,3800.1,3183,0,328.0,280.8,11.34,0.8376,0.0488,56411.04,17.72
15,2026-05-01,FC_HYD,S3,2102,2154,19,7,1,1,18,6,29,2160.0,2154,0,237.0,201.8,10.67,0.9972,0.0769,45961.3,21.34
16,2026-05-02,FC_BLR,S1,3287,3558,28,10,0,0,28,10,0,3694.1,3558,0,304.0,273.6,13.0,0.9632,0.0,52544.0,14.77
17,2026-05-02,FC_BLR,S2,4011,4033,35,12,4,1,31,11,0,4063.5,4033,0,376.0,302.4,13.34,0.9925,0.1064,66859.36,16.58
18,2026-05-02,FC_BLR,S3,2182,2502,21,7,3,0,18,7,36,2403.6,2403,99,260.0,216.0,11.12,0.9997,0.1071,52404.0,21.81
19,2026-05-02,FC_DEL,S1,4304,3812,38,14,4,1,34,13,0,4502.0,3812,0,416.0,338.4,11.26,0.8467,0.0962,73856.0,19.37
20,2026-05-02,FC_DEL,S2,4535,4521,41,14,4,1,37,13,0,4822.2,4521,0,440.0,360.0,12.56,0.9375,0.0909,80274.08,17.76
21,2026-05-02,FC_DEL,S3,2602,2953,25,9,2,1,23,8,36,2865.5,2865,88,308.0,259.2,11.05,0.9998,0.0882,63298.4,22.09
22,2026-05-02,FC_KOL,S1,2913,2675,26,9,4,0,22,9,5,2777.7,2675,0,285.0,228.2,11.72,0.963,0.1143,46660.0,17.44
23,2026-05-02,FC_KOL,S2,3363,3338,32,11,2,0,30,11,0,3445.8,3338,0,344.0,295.2,11.31,0.9687,0.0465,57539.92,17.24
24,2026-05-02,FC_KOL,S3,1894,1765,18,7,1,0,17,7,0,1853.0,1765,0,200.0,172.8,10.21,0.9525,0.04,35860.0,20.32
25,2026-05-02,FC_MUM,S1,3389,3593,30,10,0,1,30,9,0,3877.9,3593,0,320.0,280.8,12.8,0.9265,0.025,57600.0,16.03
26,2026-05-02,FC_MUM,S2,4266,4063,39,14,2,3,37,11,0,4077.7,4063,0,424.0,345.6,11.76,0.9964,0.0943,78782.64,19.39
27,2026-05-02,FC_MUM,S3,2713,2438,27,10,0,0,27,10,0,2921.4,2438,0,296.0,266.4,9.15,0.8345,0.0,58792.8,24.12
28,2026-05-02,FC_HYD,S1,3315,3062,29,10,2,0,27,10,0,3687.6,3062,0,312.0,266.4,11.49,0.8304,0.0513,52000.0,16.98
29,2026-05-02,FC_HYD,S2,3489,3472,31,11,3,1,28,10,10,3477.2,3472,0,346.0,283.6,12.24,0.9985,0.0952,60232.34,17.35
30,2026-05-02,FC_HYD,S3,2009,2021,18,7,1,0,17,7,0,2061.7,2021,0,200.0,172.8,11.7,0.9803,0.04,36801.6,18.21
31,2026-05-03,FC_BLR,S1,2950,2911,24,8,0,0,24,8,0,3122.8,2911,0,256.0,230.4,12.63,0.9322,0.0,44160.0,15.17
32,2026-05-03,FC_BLR,S2,3273,3457,28,10,1,0,27,10,3,3459.3,3457,0,307.0,269.4,12.83,0.9993,0.0263,54892.82,15.88
33,2026-05-03,FC_BLR,S3,2107,2162,20,7,1,0,19,7,0,2230.0,2162,0,216.0,187.2,11.55,0.9695,0.037,41043.2,18.98
34,2026-05-03,FC_DEL,S1,3591,3481,30,10,2,0,28,10,14,3481.9,3481,0,334.0,287.6,12.1,0.9998,0.05,60252.0,17.31
35,2026-05-03,FC_DEL,S2,3612,3408,33,12,0,0,33,12,0,3950.0,3408,0,360.0,324.0,10.52,0.8628,0.0,65804.64,19.31
36,2026-05-03,FC_DEL,S3,2182,2352,21,8,1,0,20,8,10,2356.5,2352,0,242.0,211.6,11.12,0.9981,0.0345,48193.2,20.49
37,2026-05-03,FC_KOL,S1,1795,2056,16,6,0,1,16,5,10,2060.0,2056,0,186.0,161.2,12.75,0.9981,0.0455,31016.0,15.09
38,2026-05-03,FC_KOL,S2,2195,2425,21,7,0,0,21,7,4,2425.1,2425,0,228.0,205.6,11.79,0.9999,0.0,38406.64,15.84
39,2026-05-03,FC_KOL,S3,1613,1614,16,5,1,0,15,5,2,1621.3,1614,0,170.0,146.0,11.05,0.9955,0.0476,30448.0,18.86
40,2026-05-03,FC_MUM,S1,2698,2728,24,8,0,0,24,8,0,3028.8,2728,0,256.0,230.4,11.84,0.9007,0.0,46080.0,16.89
41,2026-05-03,FC_MUM,S2,3840,3511,35,12,1,1,34,11,0,3976.8,3511,0,376.0,324.0,10.84,0.8829,0.0426,69768.08,19.87
42,2026-05-03,FC_MUM,S3,1816,1863,18,6,2,0,16,6,14,1871.1,1863,0,206.0,172.4,10.81,0.9957,0.0833,42066.2,22.58
43,2026-05-03,FC_HYD,S1,2599,2450,23,8,1,0,22,8,0,2839.9,2450,0,248.0,216.0,11.34,0.8627,0.0323,41344.0,16.88
44,2026-05-03,FC_HYD,S2,2915,3087,27,9,1,1,26,8,0,3148.2,3087,0,288.0,244.8,12.61,0.9806,0.0556,49390.56,16.0
45,2026-05-03,FC_HYD,S3,2195,1915,22,8,3,0,19,8,0,2359.7,1915,0,240.0,194.4,9.85,0.8115,0.1,44070.4,23.01
46,2026-05-04,FC_BLR,S1,2474,2405,21,7,0,1,21,6,0,2505.5,2405,0,224.0,194.4,12.37,0.9599,0.0357,38640.0,16.07
47,2026-05-04,FC_BLR,S2,2948,2758,24,9,0,1,24,8,0,3057.1,2758,0,264.0,230.4,11.97,0.9022,0.0303,47066.88,17.07
48,2026-05-04,FC_BLR,S3,1674,1871,15,5,1,1,14,4,35,1872.7,1871,0,195.0,164.6,11.37,0.9991,0.1,39985.0,21.37
49,2026-05-04,FC_DEL,S1,2485,2779,21,8,1,1,20,7,36,2740.5,2740,39,268.0,230.4,11.89,0.9998,0.069,50520.0,18.44
50,2026-05-04,FC_DEL,S2,2715,2836,24,9,5,1,19,8,36,2831.8,2831,5,300.0,230.4,12.29,0.9997,0.1818,57869.52,20.44
51,2026-05-04,FC_DEL,S3,1781,1953,16,6,0,1,16,5,29,1956.1,1953,0,205.0,180.2,10.84,0.9984,0.0455,42620.6,21.82
52,2026-05-04,FC_KOL,S1,1915,1861,17,6,0,0,17,6,0,2079.0,1861,0,184.0,165.6,11.24,0.8952,0.0,29904.0,16.07
53,2026-05-04,FC_KOL,S2,2288,2222,21,7,0,1,21,6,0,2317.1,2222,0,224.0,194.4,11.43,0.959,0.0357,37434.32,16.85
54,2026-05-04,FC_KOL,S3,1158,1278,13,5,1,1,12,4,4,1284.7,1278,0,148.0,119.2,10.72,0.9948,0.1111,26848.8,21.01
55,2026-05-04,FC_MUM,S1,2540,2266,23,8,0,1,23,7,0,2722.4,2266,0,248.0,216.0,10.49,0.8323,0.0323,44696.0,19.72
56,2026-05-04,FC_MUM,S2,2733,2756,24,9,0,2,24,7,2,2901.4,2756,0,266.0,225.2,12.24,0.9499,0.0606,49660.42,18.02
57,2026-05-04,FC_MUM,S3,1787,1734,18,7,0,0,18,7,0,2064.4,1734,0,200.0,180.0,9.63,0.8399,0.0,39784.8,22.94
58,2026-05-04,FC_HYD,S1,1968,2167,18,6,1,1,17,5,12,2172.3,2167,0,204.0,170.4,12.72,0.9975,0.0833,34884.0,16.1
59,2026-05-04,FC_HYD,S2,2315,2478,22,8,1,0,21,8,0,2649.6,2478,0,240.0,208.8,11.87,0.9353,0.0333,41265.92,16.65
60,2026-05-04,FC_HYD,S3,1558,1459,16,5,1,0,15,5,0,1696.1,1459,0,168.0,144.0,10.13,0.8602,0.0476,30712.0,21.05
61,2026-05-05,FC_BLR,S1,2701,2544,22,8,0,0,22,8,4,2891.1,2544,0,244.0,220.0,11.56,0.8799,0.0,42504.0,16.71
62,2026-05-05,FC_BLR,S2,2777,2814,24,9,2,2,22,7,11,2823.9,2814,0,275.0,219.8,12.8,0.9965,0.1212,49899.38,17.73
63,2026-05-05,FC_BLR,S3,1849,1852,18,7,1,1,17,6,2,1855.7,1852,0,202.0,167.6,11.05,0.998,0.08,38671.6,20.88
64,2026-05-05,FC_DEL,S1,2997,2969,27,9,2,0,25,9,0,3165.5,2969,0,288.0,244.8,12.13,0.9379,0.0556,50976.0,17.17
65,2026-05-05,FC_DEL,S2,3159,2992,28,10,2,1,26,9,0,3143.3,2992,0,304.0,252.0,11.87,0.9519,0.0789,55537.6,18.56
66,2026-05-05,FC_DEL,S3,1895,1908,18,7,2,0,16,7,0,1934.7,1908,0,200.0,165.6,11.52,0.9862,0.08,39124.8,20.51
67,2026-05-05,FC_KOL,S1,1826,1809,16,6,1,0,15,6,0,1881.9,1809,0,176.0,151.2,11.96,0.9612,0.0455,28656.0,15.84
68,2026-05-05,FC_KOL,S2,2184,2158,21,7,2,0,19,7,0,2158.4,2158,0,224.0,187.2,11.53,0.9998,0.0714,37434.32,17.35
69,2026-05-05,FC_KOL,S3,1582,1517,16,6,0,0,16,6,0,1756.1,1517,0,176.0,158.4,9.58,0.8638,0.0,31521.6,20.78
70,2026-05-05,FC_MUM,S1,2341,2393,21,7,3,0,18,7,17,2399.4,2393,0,241.0,197.0,12.15,0.9973,0.1071,44791.0,18.72
71,2026-05-05,FC_MUM,S2,2760,3041,27,9,2,0,25,9,15,3043.5,3041,0,303.0,259.8,11.71,0.9992,0.0556,57458.55,18.89
72,2026-05-05,FC_MUM,S3,1948,1910,20,7,1,0,19,7,0,1993.7,1910,0,216.0,187.2,10.2,0.958,0.037,42829.6,22.42
73,2026-05-05,FC_HYD,S1,2112,2137,18,6,1,2,17,4,8,2140.7,2137,0,200.0,159.2,13.42,0.9983,0.125,33912.0,15.87
74,2026-05-05,FC_HYD,S2,2297,2468,20,7,4,0,16,7,36,2453.8,2453,15,252.0,201.6,12.17,0.9997,0.1481,46106.92,18.8
75,2026-05-05,FC_HYD,S3,1610,1673,16,6,1,0,15,6,0,1756.7,1673,0,176.0,151.2,11.06,0.9524,0.0455,32348.8,19.34
76,2026-05-06,FC_BLR,S1,2652,2706,23,8,2,0,21,8,14,2715.1,2706,0,262.0,222.8,12.15,0.9967,0.0645,46332.0,17.12
77,2026-05-06,FC_BLR,S2,3099,3143,28,10,1,1,27,9,0,3444.7,3143,0,304.0,259.2,12.13,0.9124,0.0526,54120.32,17.22
78,2026-05-06,FC_BLR,S3,2147,2013,21,8,0,1,21,7,0,2319.1,2013,0,232.0,201.6,9.99,0.868,0.0345,44193.6,21.95
79,2026-05-06,FC_DEL,S1,3225,3230,27,9,1,1,26,8,19,3233.6,3230,0,307.0,263.8,12.24,0.9989,0.0556,55878.0,17.3
80,2026-05-06,FC_DEL,S2,3099,3237,27,10,2,0,25,10,0,3237.9,3237,0,296.0,252.0,12.85,0.9997,0.0541,54136.8,16.72
81,2026-05-06,FC_DEL,S3,1850,2097,19,7,1,1,18,6,25,2098.0,2097,0,233.0,197.8,10.6,0.9995,0.0769,47715.8,22.75
82,2026-05-06,FC_KOL,S1,1968,2095,18,7,0,1,18,6,2,2165.3,2095,0,202.0,174.8,11.99,0.9675,0.04,33072.0,15.79
83,2026-05-06,FC_KOL,S2,2464,2456,24,9,2,0,22,9,2,2597.2,2456,0,266.0,225.2,10.91,0.9456,0.0606,44759.68,18.22
84,2026-05-06,FC_KOL,S3,1473,1420,15,5,1,1,14,4,0,1426.7,1420,0,160.0,129.6,10.96,0.9953,0.1,28556.0,20.11
85,2026-05-06,FC_MUM,S1,2673,2747,23,8,0,0,23,8,11,2747.5,2747,0,259.0,234.2,11.73,0.9998,0.0,47589.0,17.32
86,2026-05-06,FC_MUM,S2,2846,3018,26,9,0,1,26,8,23,3026.5,3018,0,303.0,267.8,11.27,0.9972,0.0286,58200.15,19.28
87,2026-05-06,FC_MUM,S3,1654,1802,16,6,0,1,16,5,13,1809.6,1802,0,189.0,164.2,10.97,0.9958,0.0455,38732.1,21.49
88,2026-05-06,FC_HYD,S1,2403,2338,21,7,1,1,20,6,0,2524.9,2338,0,224.0,187.2,12.49,0.926,0.0714,37296.0,15.95
89,2026-05-06,FC_HYD,S2,2617,2445,22,8,3,1,19,7,0,2482.3,2445,0,240.0,187.2,13.06,0.985,0.1333,41265.92,16.88
90,2026-05-06,FC_HYD,S3,1524,1562,14,5,1,0,13,5,4,1564.9,1562,0,156.0,133.6,11.69,0.9982,0.0526,28965.2,18.54
91,2026-05-07,FC_BLR,S1,2738,2877,24,9,2,0,22,9,6,2881.9,2877,0,270.0,229.2,12.55,0.9983,0.0606,47196.0,16.4
92,2026-05-07,FC_BLR,S2,3465,3318,30,10,2,1,28,9,0,3328.9,3318,0,320.0,266.4,12.45,0.9967,0.075,56856.0,17.14
93,2026-05-07,FC_BLR,S3,1654,1747,16,6,1,0,15,6,1,1754.3,1747,0,177.0,152.2,11.48,0.9958,0.0455,33785.4,19.34
94,2026-05-07,FC_DEL,S1,3555,3380,30,11,2,0,28,11,0,3636.3,3380,0,328.0,280.8,12.04,0.9295,0.0488,58224.0,17.23
95,2026-05-07,FC_DEL,S2,3693,3683,33,12,2,1,31,11,2,3687.6,3683,0,362.0,304.4,12.1,0.9987,0.0667,66336.12,18.01
96,2026-05-07,FC_DEL,S3,2391,2181,23,8,0,1,23,7,0,2468.2,2181,0,248.0,216.0,10.1,0.8837,0.0323,48347.2,22.17
97,2026-05-07,FC_KOL,S1,1870,2044,18,6,1,1,17,5,12,2047.2,2044,0,204.0,170.4,12.0,0.9984,0.0833,33984.0,16.63
98,2026-05-07,FC_KOL,S2,2546,2555,25,9,1,1,24,8,0,2821.7,2555,0,272.0,230.4,11.09,0.9055,0.0588,45558.96,17.83
99,2026-05-07,FC_KOL,S3,1441,1563,15,5,0,0,15,5,0,1575.4,1563,0,160.0,144.0,10.85,0.9921,0.0,28556.0,18.27
100,2026-05-07,FC_MUM,S1,2767,2690,24,8,0,0,24,8,0,2949.7,2690,0,256.0,230.4,11.68,0.9119,0.0,46080.0,17.13
101,2026-05-07,FC_MUM,S2,3248,3300,30,11,2,1,28,10,0,3559.3,3300,0,328.0,273.6,12.06,0.9271,0.0732,60984.24,18.48
102,2026-05-07,FC_MUM,S3,1746,1978,16,6,0,3,16,3,36,1728.9,1728,250,212.0,172.8,10.0,0.9995,0.1364,45386.0,26.27
103,2026-05-07,FC_HYD,S1,2208,2307,20,7,3,1,17,6,12,2310.0,2307,0,228.0,177.6,12.99,0.9987,0.1481,38932.0,16.88
104,2026-05-07,FC_HYD,S2,2539,2717,21,8,1,2,20,6,36,2675.2,2675,42,268.0,223.2,11.98,0.9999,0.1034,48957.96,18.3
105,2026-05-07,FC_HYD,S3,1494,1539,16,6,1,0,15,6,0,1735.4,1539,0,176.0,151.2,10.18,0.8868,0.0455,32348.8,21.02
106,2026-05-08,FC_BLR,S1,2930,2889,26,9,0,0,26,9,0,3571.5,2889,0,280.0,252.0,11.46,0.8089,0.0,48352.0,16.74
107,2026-05-08,FC_BLR,S2,3057,3276,27,10,0,0,27,10,0,3327.5,3276,0,296.0,266.4,12.3,0.9845,0.0,52752.48,16.1
108,2026-05-08,FC_BLR,S3,2132,2168,20,7,0,0,20,7,0,2296.8,2168,0,216.0,194.4,11.15,0.9439,0.0,41043.2,18.93
109,2026-05-08,FC_DEL,S1,2799,3185,23,8,2,0,21,8,36,3079.8,3079,106,284.0,244.8,12.58,0.9998,0.0645,53240.0,17.29
110,2026-05-08,FC_DEL,S2,3782,4007,34,12,1,2,33,10,24,4007.8,4007,0,392.0,333.6,12.01,0.9998,0.0652,73583.2,18.36
111,2026-05-08,FC_DEL,S3,2352,2258,24,8,1,0,23,8,0,2514.3,2258,0,256.0,223.2,10.12,0.8981,0.0312,49843.2,22.07
112,2026-05-08,FC_KOL,S1,2362,2376,22,8,0,1,22,7,3,2634.3,2376,0,243.0,211.8,11.22,0.9019,0.0333,39748.0,16.73
113,2026-05-08,FC_KOL,S2,2667,2481,25,9,1,1,24,8,0,2794.4,2481,0,272.0,230.4,10.77,0.8878,0.0588,45558.96,18.36
114,2026-05-08,FC_KOL,S3,1632,1577,16,5,1,0,15,5,4,1580.7,1577,0,172.0,148.0,10.66,0.9976,0.0476,30967.2,19.64
115,2026-05-08,FC_MUM,S1,2613,2660,23,8,3,0,20,8,1,2666.0,2660,0,249.0,202.6,13.13,0.9977,0.0968,44959.0,16.9
116,2026-05-08,FC_MUM,S2,3197,3330,30,10,3,1,27,9,27,3336.3,3330,0,347.0,286.2,11.64,0.9981,0.1,66642.03,20.01
117,2026-05-08,FC_MUM,S3,1820,1879,18,6,0,0,18,6,0,1936.1,1879,0,192.0,172.8,10.87,0.9705,0.0,38016.0,20.23
118,2026-05-08,FC_HYD,S1,2348,2516,20,7,1,0,19,7,0,2538.1,2516,0,216.0,187.2,13.44,0.9913,0.037,36016.0,14.31
119,2026-05-08,FC_HYD,S2,3268,2890,30,10,2,1,28,9,0,3224.5,2890,0,320.0,266.4,10.85,0.8963,0.075,54878.4,18.99
120,2026-05-08,FC_HYD,S3,1839,1792,18,6,0,1,18,5,0,1928.0,1792,0,192.0,165.6,10.82,0.9295,0.0417,35164.8,19.62
121,2026-05-09,FC_BLR,S1,3501,3435,28,10,3,1,25,9,8,3439.1,3435,0,312.0,252.8,13.59,0.9988,0.1053,54544.0,15.88
122,2026-05-09,FC_BLR,S2,3720,3637,32,11,1,1,31,10,3,3638.6,3637,0,347.0,298.2,12.2,0.9996,0.0465,61946.26,17.03
123,2026-05-09,FC_BLR,S3,2295,2344,21,8,4,1,17,7,36,2252.3,2252,92,268.0,208.8,10.79,0.9999,0.1724,54093.6,24.02
124,2026-05-09,FC_DEL,S1,2936,2975,27,9,3,3,24,6,21,2980.7,2975,0,309.0,237.0,12.55,0.9981,0.1667,56394.0,18.96
125,2026-05-09,FC_DEL,S2,3423,3572,32,11,2,0,30,11,0,3612.7,3572,0,344.0,295.2,12.1,0.9887,0.0465,62772.32,17.57
126,2026-05-09,FC_DEL,S3,2645,2391,26,9,2,1,24,8,0,2439.1,2391,0,280.0,230.4,10.38,0.9803,0.0857,54577.6,22.83
127,2026-05-09,FC_KOL,S1,2441,2553,22,8,2,0,20,8,3,2557.6,2553,0,243.0,204.6,12.48,0.9982,0.0667,39748.0,15.57
128,2026-05-09,FC_KOL,S2,2943,2807,29,10,3,3,26,7,0,2950.8,2807,0,312.0,237.6,11.81,0.9513,0.1538,52192.16,18.59
129,2026-05-09,FC_KOL,S3,1907,1745,21,7,1,1,20,6,0,2034.3,1745,0,224.0,187.2,9.32,0.8578,0.0714,39978.4,22.91
130,2026-05-09,FC_MUM,S1,3152,3081,28,10,0,2,28,8,0,3404.2,3081,0,304.0,259.2,11.89,0.9051,0.0526,54832.0,17.8
131,2026-05-09,FC_MUM,S2,3245,3335,30,11,0,2,30,9,0,3522.4,3335,0,328.0,280.8,11.88,0.9468,0.0488,60984.24,18.29
132,2026-05-09,FC_MUM,S3,2532,2465,25,9,0,2,25,7,0,2646.5,2465,0,272.0,230.4,10.7,0.9314,0.0588,53979.2,21.9
133,2026-05-09,FC_HYD,S1,2496,2372,22,8,3,0,19,8,4,2591.3,2372,0,244.0,198.4,11.96,0.9154,0.1,41036.0,17.3
134,2026-05-09,FC_HYD,S2,2873,3033,26,9,0,1,26,8,0,3096.5,3033,0,280.0,244.8,12.39,0.9795,0.0286,48072.16,15.85
135,2026-05-09,FC_HYD,S3,2168,1984,21,8,2,1,19,7,0,2200.1,1984,0,232.0,187.2,10.6,0.9018,0.1034,42662.4,21.5
136,2026-05-10,FC_BLR,S1,2735,3118,24,8,0,0,24,8,0,3273.5,3118,0,256.0,230.4,13.53,0.9525,0.0,44160.0,14.16
137,2026-05-10,FC_BLR,S2,2630,3110,24,9,3,2,21,7,36,3110.8,3110,0,300.0,237.6,13.09,0.9997,0.1515,56336.88,18.11
138,2026-05-10,FC_BLR,S3,2211,2188,21,8,1,0,20,8,0,2432.4,2188,0,232.0,201.6,10.85,0.8995,0.0345,44193.6,20.2
139,2026-05-10,FC_DEL,S1,3252,3185,28,10,2,2,26,8,1,3194.9,3185,0,305.0,245.8,12.96,0.9969,0.1053,54178.0,17.01
140,2026-05-10,FC_DEL,S2,3886,3710,36,13,1,2,35,11,0,4252.6,3710,0,392.0,331.2,11.2,0.8724,0.0612,71638.56,19.31
141,2026-05-10,FC_DEL,S3,2403,2276,24,9,2,1,22,8,0,2603.4,2276,0,264.0,216.0,10.54,0.8743,0.0909,51585.6,22.67
142,2026-05-10,FC_KOL,S1,2461,2204,22,8,0,1,22,7,0,2725.3,2204,0,240.0,208.8,10.56,0.8087,0.0333,39040.0,17.71
143,2026-05-10,FC_KOL,S2,2087,2453,19,7,1,0,18,7,36,2422.4,2422,31,244.0,216.0,11.21,0.9998,0.0385,43614.32,18.01
144,2026-05-10,FC_KOL,S3,1688,1659,17,6,0,1,17,5,0,1774.5,1659,0,184.0,158.4,10.47,0.9349,0.0435,32894.4,19.83
145,2026-05-10,FC_MUM,S1,2574,2486,22,8,1,0,21,8,0,2626.3,2486,0,240.0,208.8,11.91,0.9466,0.0333,43312.0,17.42
146,2026-05-10,FC_MUM,S2,2355,2771,22,8,2,0,20,8,34,2777.2,2771,0,274.0,235.6,11.76,0.9978,0.0667,53821.62,19.42
147,2026-05-10,FC_MUM,S3,2424,2083,23,8,1,2,22,6,0,2302.5,2083,0,248.0,201.6,10.33,0.9046,0.0968,49165.6,23.6
148,2026-05-10,FC_HYD,S1,2602,2777,24,8,1,0,23,8,0,2936.2,2777,0,256.0,223.2,12.44,0.9458,0.0312,42624.0,15.35
149,2026-05-10,FC_HYD,S2,2701,2688,24,8,0,3,24,5,0,2721.9,2688,0,256.0,208.8,12.87,0.9875,0.0938,43902.72,16.33
150,2026-05-10,FC_HYD,S3,1718,1854,16,5,0,1,16,4,35,1861.3,1854,0,203.0,179.0,10.36,0.9961,0.0476,40067.5,21.61
151,2026-05-11,FC_BLR,S1,2072,2219,17,6,0,1,17,5,14,2224.2,2219,0,198.0,172.4,12.87,0.9977,0.0435,35292.0,15.9
152,2026-05-11,FC_BLR,S2,3360,3169,29,10,1,1,28,9,0,3514.5,3169,0,312.0,266.4,11.9,0.9017,0.0513,55488.16,17.51
153,2026-05-11,FC_BLR,S3,2212,1870,21,8,1,0,20,8,0,2401.7,1870,0,232.0,201.6,9.28,0.7786,0.0345,44193.6,23.63
154,2026-05-11,FC_DEL,S1,2847,2566,24,8,1,0,23,8,0,2787.7,2566,0,256.0,223.2,11.5,0.9205,0.0312,45312.0,17.66
155,2026-05-11,FC_DEL,S2,2865,3131,27,9,1,1,26,8,8,3132.6,3131,0,296.0,252.8,12.39,0.9995,0.0556,54631.2,17.45
156,2026-05-11,FC_DEL,S3,1931,2001,20,7,1,1,19,6,0,2056.6,2001,0,216.0,180.0,11.12,0.973,0.0741,42116.8,21.05
157,2026-05-11,FC_KOL,S1,1866,1899,18,7,2,1,16,6,4,1906.8,1899,0,204.0,162.4,11.69,0.9959,0.12,33544.0,17.66
158,2026-05-11,FC_KOL,S2,2223,2299,21,7,0,0,21,7,2,2559.4,2299,0,226.0,203.6,11.29,0.8983,0.0,37920.48,16.49
159,2026-05-11,FC_KOL,S3,1371,1324,14,5,0,0,14,5,0,1397.2,1324,0,152.0,136.8,9.68,0.9476,0.0,27183.2,20.53
160,2026-05-11,FC_MUM,S1,2157,2186,18,6,0,0,18,6,18,2193.1,2186,0,210.0,190.8,11.46,0.9968,0.0,39294.0,17.98
161,2026-05-11,FC_MUM,S2,2831,2820,25,9,0,1,25,8,0,2956.9,2820,0,272.0,237.6,11.87,0.9537,0.0294,50544.16,17.92
162,2026-05-11,FC_MUM,S3,1557,1614,15,5,1,1,14,4,13,1621.2,1614,0,173.0,142.6,11.32,0.9956,0.1,35440.9,21.96
163,2026-05-11,FC_HYD,S1,2066,2018,18,7,0,0,18,7,0,2367.4,2018,0,200.0,180.0,11.21,0.8524,0.0,33456.0,16.58
164,2026-05-11,FC_HYD,S2,2186,2200,21,7,1,0,20,7,0,2674.3,2200,0,224.0,194.4,11.32,0.8226,0.0357,38414.88,17.46
165,2026-05-11,FC_HYD,S3,1808,1721,17,6,0,0,17,6,0,1861.8,1721,0,184.0,165.6,10.39,0.9244,0.0,33756.8,19.61
166,2026-05-12,FC_BLR,S1,2721,2454,24,8,1,0,23,8,0,2937.0,2454,0,256.0,223.2,10.99,0.8356,0.0312,44160.0,18.0
167,2026-05-12,FC_BLR,S2,2705,2807,25,9,0,2,25,7,0,2810.2,2807,0,272.0,230.4,12.18,0.9988,0.0588,48434.72,17.25
168,2026-05-12,FC_BLR,S3,1987,1844,20,7,1,0,19,7,0,2084.0,1844,0,216.0,187.2,9.85,0.8848,0.037,41043.2,22.26
169,2026-05-12,FC_DEL,S1,3031,2912,26,9,0,0,26,9,0,3019.8,2912,0,280.0,252.0,11.56,0.9643,0.0,49616.0,17.04
170,2026-05-12,FC_DEL,S2,3220,3245,30,10,0,1,30,9,0,3528.3,3245,0,320.0,280.8,11.56,0.9197,0.025,58339.2,17.98
171,2026-05-12,FC_DEL,S3,2097,2111,21,8,1,0,20,8,0,2334.7,2111,0,232.0,201.6,10.47,0.9042,0.0345,45355.2,21.49
172,2026-05-12,FC_KOL,S1,1823,2084,16,5,1,1,15,4,36,2090.0,2084,0,204.0,172.8,12.06,0.9971,0.0952,35704.0,17.13
173,2026-05-12,FC_KOL,S2,2067,1938,20,7,0,0,20,7,0,2312.5,1938,0,216.0,194.4,9.97,0.8381,0.0,36148.88,18.65
174,2026-05-12,FC_KOL,S3,1380,1399,16,5,2,0,14,5,0,1515.5,1399,0,168.0,136.8,10.23,0.9231,0.0952,29928.8,21.39
175,2026-05-12,FC_MUM,S1,2619,2435,24,8,1,0,23,8,0,2852.6,2435,0,256.0,223.2,10.91,0.8536,0.0312,46080.0,18.92
176,2026-05-12,FC_MUM,S2,2688,2949,25,9,0,1,25,8,4,2955.3,2949,0,276.0,241.6,12.21,0.9979,0.0294,51627.72,17.51
177,2026-05-12,FC_MUM,S3,1776,1827,18,7,1,0,17,7,0,2068.3,1827,0,200.0,172.8,10.57,0.8833,0.04,39784.8,21.78
178,2026-05-12,FC_HYD,S1,1981,2015,16,6,1,1,15,5,15,2016.1,2015,0,191.0,159.0,12.67,0.9995,0.0909,33053.0,16.4
179,2026-05-12,FC_HYD,S2,2417,2515,21,8,1,1,20,7,11,2515.6,2515,0,243.0,205.4,12.24,0.9998,0.069,42700.71,16.98
180,2026-05-12,FC_HYD,S3,1541,1552,15,5,1,0,14,5,0,1737.8,1552,0,160.0,136.8,11.35,0.8931,0.05,29304.0,18.88
181,2026-05-13,FC_BLR,S1,2578,2561,21,8,1,0,20,8,0,2585.2,2561,0,232.0,201.6,12.7,0.9906,0.0345,40176.0,15.69
182,2026-05-13,FC_BLR,S2,3167,3122,27,9,3,1,24,8,30,3123.1,3122,0,318.0,260.4,11.99,0.9996,0.1111,58895.4,18.86
183,2026-05-13,FC_BLR,S3,2024,2053,20,7,1,1,19,6,0,2070.8,2053,0,216.0,180.0,11.41,0.9914,0.0741,41043.2,19.99
184,2026-05-13,FC_DEL,S1,2961,2724,27,9,3,3,24,6,4,2726.8,2724,0,292.0,220.0,12.38,0.999,0.1667,52008.0,19.09
185,2026-05-13,FC_DEL,S2,3596,3432,32,11,1,2,31,9,2,3669.6,3432,0,346.0,290.0,11.83,0.9353,0.0698,63303.8,18.45
186,2026-05-13,FC_DEL,S3,2174,2095,22,8,1,0,21,8,0,2512.0,2095,0,240.0,208.8,10.03,0.834,0.0333,46851.2,22.36
187,2026-05-13,FC_KOL,S1,2208,2030,21,7,1,1,20,6,0,2215.4,2030,0,224.0,187.2,10.84,0.9163,0.0714,36344.0,17.9
188,2026-05-13,FC_KOL,S2,1885,1988,18,7,0,0,18,7,0,2139.9,1988,0,200.0,180.0,11.04,0.929,0.0,33578.0,16.89
189,2026-05-13,FC_KOL,S3,1576,1500,17,6,0,0,17,6,0,1704.5,1500,0,184.0,165.6,9.06,0.88,0.0,32894.4,21.93
190,2026-05-13,FC_MUM,S1,2645,2798,22,8,1,0,21,8,11,2798.6,2798,0,251.0,219.8,12.73,0.9998,0.0333,46205.0,16.51
191,2026-05-13,FC_MUM,S2,2855,2785,25,9,1,0,24,9,0,2891.7,2785,0,272.0,237.6,11.72,0.9631,0.0294,50544.16,18.15
192,2026-05-13,FC_MUM,S3,2133,1956,20,7,2,1,18,6,5,1961.8,1956,0,221.0,177.8,11.0,0.997,0.1111,44276.1,22.64
193,2026-05-13,FC_HYD,S1,2245,2394,18,7,0,6,18,1,36,2145.2,2145,249,236.0,172.8,12.41,0.9999,0.24,42204.0,19.68
194,2026-05-13,FC_HYD,S2,2801,2698,25,9,1,0,24,9,6,3087.8,2698,0,278.0,243.6,11.08,0.8738,0.0294,48255.5,17.89
195,2026-05-13,FC_HYD,S3,1440,1668,13,5,0,0,13,5,17,1672.6,1668,0,161.0,146.6,11.38,0.9973,0.0,31032.1,18.6
196,2026-05-14,FC_BLR,S1,2719,2664,23,8,1,0,22,8,0,2834.4,2664,0,248.0,216.0,12.33,0.9399,0.0323,42832.0,16.08
197,2026-05-14,FC_BLR,S2,2910,3035,27,9,2,1,25,8,1,3040.3,3035,0,289.0,238.6,12.72,0.9983,0.0833,51427.9,16.94
198,2026-05-14,FC_BLR,S3,2013,1910,21,7,3,2,18,5,11,1916.9,1910,0,235.0,176.6,10.82,0.9964,0.1786,45529.0,23.84
199,2026-05-14,FC_DEL,S1,3243,3306,27,10,1,0,26,10,9,3306.4,3306,0,305.0,268.2,12.33,0.9999,0.027,54882.0,16.6
200,2026-05-14,FC_DEL,S2,3210,3186,30,11,0,0,30,11,0,3688.9,3186,0,328.0,295.2,10.79,0.8637,0.0,59970.72,18.82
201,2026-05-14,FC_DEL,S3,2005,2122,18,7,0,0,18,7,14,2122.2,2122,0,214.0,194.0,10.94,0.9999,0.0,43098.0,20.31
202,2026-05-14,FC_KOL,S1,2111,2163,20,7,1,2,19,5,0,2169.7,2163,0,216.0,172.8,12.52,0.9969,0.1111,35096.0,16.23
203,2026-05-14,FC_KOL,S2,2611,2487,26,9,2,2,24,7,0,2616.9,2487,0,280.0,223.2,11.14,0.9504,0.1143,46844.4,18.84
204,2026-05-14,FC_KOL,S3,1641,1624,18,6,2,0,16,6,4,1788.2,1624,0,196.0,162.4,10.0,0.9082,0.0833,35305.6,21.74
205,2026-05-14,FC_MUM,S1,2701,2821,24,9,1,1,23,8,0,2828.2,2821,0,264.0,223.2,12.64,0.9975,0.0606,47688.0,16.9
206,2026-05-14,FC_MUM,S2,2786,3038,27,9,0,2,27,7,18,3044.9,3038,0,306.0,262.8,11.56,0.9977,0.0556,58271.22,19.18
207,2026-05-14,FC_MUM,S3,1791,1940,19,7,3,0,16,7,16,1946.3,1940,0,224.0,181.6,10.68,0.9968,0.1154,45936.0,23.68
208,2026-05-14,FC_HYD,S1,2021,1949,17,6,0,0,17,6,0,2231.7,1949,0,184.0,165.6,11.77,0.8733,0.0,30688.0,15.75
209,2026-05-14,FC_HYD,S2,2451,2502,23,8,0,1,23,7,0,2745.7,2502,0,248.0,216.0,11.58,0.9112,0.0323,42584.32,17.02
210,2026-05-14,FC_HYD,S3,1845,1753,18,7,1,0,17,7,0,2008.5,1753,0,200.0,172.8,10.14,0.8728,0.04,36801.6,20.99
211,2026-05-15,FC_BLR,S1,3407,3122,28,10,3,0,25,10,0,3364.5,3122,0,304.0,252.0,12.39,0.9279,0.0789,52544.0,16.83
212,2026-05-15,FC_BLR,S2,3940,3640,35,12,0,0,35,12,0,4344.7,3640,0,376.0,338.4,10.76,0.8378,0.0,66859.36,18.37
213,2026-05-15,FC_BLR,S3,2774,2453,27,9,0,0,27,9,0,3044.7,2453,0,288.0,259.2,9.46,0.8057,0.0,54648.0,22.28
214,2026-05-15,FC_DEL,S1,3938,3594,35,12,1,1,34,11,0,4086.8,3594,0,376.0,324.0,11.09,0.8794,0.0426,66608.0,18.53
215,2026-05-15,FC_DEL,S2,4076,4203,38,13,2,1,36,12,0,4399.0,4203,0,408.0,345.6,12.16,0.9555,0.0588,74440.16,17.71
216,2026-05-15,FC_DEL,S3,2755,2665,27,10,0,1,27,9,0,2851.5,2665,0,296.0,259.2,10.28,0.9346,0.027,57816.0,21.69
217,2026-05-15,FC_KOL,S1,2512,2530,22,8,2,1,20,7,18,2531.8,2530,0,258.0,212.4,11.91,0.9993,0.1,43288.0,17.11
218,2026-05-15,FC_KOL,S2,2870,2692,27,10,1,0,26,10,0,3173.9,2692,0,296.0,259.2,10.39,0.8482,0.027,49621.28,18.43
219,2026-05-15,FC_KOL,S3,1844,1962,20,7,0,1,20,6,0,2106.1,1962,0,216.0,187.2,10.48,0.9316,0.037,38605.6,19.68
220,2026-05-15,FC_MUM,S1,3347,3322,30,11,5,0,25,11,0,3407.3,3322,0,328.0,259.2,12.82,0.975,0.122,59208.0,17.82
221,2026-05-15,FC_MUM,S2,3620,3539,33,12,2,1,31,11,0,3640.5,3539,0,360.0,302.4,11.7,0.9721,0.0667,66917.04,18.91
222,2026-05-15,FC_MUM,S3,2211,2145,22,8,1,2,21,6,0,2200.4,2145,0,240.0,194.4,11.03,0.9748,0.1,47643.2,22.21
223,2026-05-15,FC_HYD,S1,2408,2564,21,7,0,0,21,7,0,2632.5,2564,0,224.0,201.6,12.72,0.974,0.0,37296.0,14.55
224,2026-05-15,FC_HYD,S2,3396,3307,31,11,0,2,31,9,0,3838.1,3307,0,336.0,288.0,11.48,0.8616,0.0476,57729.44,17.46
225,2026-05-15,FC_HYD,S3,1873,1993,18,6,0,0,18,6,3,2042.4,1993,0,195.0,175.8,11.34,0.9758,0.0,35966.7,18.05
226,2026-05-16,FC_BLR,S1,3607,3395,29,10,1,1,28,9,0,3694.5,3395,0,312.0,266.4,12.74,0.9189,0.0513,53872.0,15.87
227,2026-05-16,FC_BLR,S2,4872,4512,39,18,1,0,38,18,0,4955.1,4512,0,456.0,403.2,11.19,0.9106,0.0175,81823.2,18.13
228,2026-05-16,FC_BLR,S3,2678,2610,26,9,2,0,24,9,0,2752.3,2610,0,280.0,237.6,10.98,0.9483,0.0571,53187.2,20.38
229,2026-05-16,FC_DEL,S1,3159,3374,29,10,0,0,29,10,0,3628.6,3374,0,312.0,280.8,12.02,0.9298,0.0,55280.0,16.38
230,2026-05-16,FC_DEL,S2,4301,4458,39,14,2,2,37,12,0,4481.8,4458,0,424.0,352.8,12.64,0.9947,0.0755,77472.48,17.38
231,2026-05-16,FC_DEL,S3,2595,2725,27,9,1,2,26,7,7,2728.0,2725,0,295.0,244.6,11.14,0.9989,0.0833,58060.2,21.31
232,2026-05-16,FC_KOL,S1,2708,2678,26,9,2,2,24,7,0,2788.4,2678,0,280.0,223.2,12.0,0.9604,0.1143,45480.0,16.98
233,2026-05-16,FC_KOL,S2,3199,2930,31,11,4,1,27,10,0,3401.1,2930,0,336.0,266.4,11.0,0.8615,0.119,56254.48,19.2
234,2026-05-16,FC_KOL,S3,1885,1893,20,7,1,1,19,6,0,1985.3,1893,0,216.0,180.0,10.52,0.9535,0.0741,38605.6,20.39
235,2026-05-16,FC_MUM,S1,3371,3391,29,10,2,2,27,8,12,3394.9,3391,0,324.0,264.0,12.84,0.9989,0.1026,59372.0,17.51
236,2026-05-16,FC_MUM,S2,3417,3668,32,11,0,3,32,8,11,3671.4,3668,0,355.0,299.0,12.27,0.9991,0.0698,66815.07,18.22
237,2026-05-16,FC_MUM,S3,2557,2356,24,9,2,1,22,8,0,2459.1,2356,0,264.0,216.0,10.91,0.9581,0.0909,52456.8,22.27
238,2026-05-16,FC_HYD,S1,2462,2668,20,7,3,0,17,7,36,2605.7,2605,63,252.0,208.8,12.48,0.9997,0.1111,44764.0,17.18
239,2026-05-16,FC_HYD,S2,3359,3405,31,11,2,0,29,11,0,3687.1,3405,0,336.0,288.0,11.82,0.9235,0.0476,57729.44,16.95
240,2026-05-16,FC_HYD,S3,2162,2102,20,7,1,1,19,6,0,2122.9,2102,0,216.0,180.0,11.68,0.9901,0.0741,39617.6,18.85
241,2026-05-17,FC_BLR,S1,2800,2763,23,8,1,0,22,8,0,2874.9,2763,0,248.0,216.0,12.79,0.9611,0.0323,42832.0,15.5
242,2026-05-17,FC_BLR,S2,3968,3576,35,12,0,1,35,11,0,4176.7,3576,0,376.0,331.2,10.8,0.8562,0.0213,66859.36,18.7
243,2026-05-17,FC_BLR,S3,2167,2250,21,7,1,0,20,7,4,2250.9,2250,0,228.0,198.4,11.34,0.9996,0.0357,43604.0,19.38
244,2026-05-17,FC_DEL,S1,3017,3288,27,9,1,2,26,7,35,3295.0,3288,0,323.0,272.6,12.06,0.9979,0.0833,60006.0,18.25
245,2026-05-17,FC_DEL,S2,3294,3567,31,11,0,1,31,10,0,3773.8,3567,0,336.0,295.2,12.08,0.9452,0.0238,61371.52,17.21
246,2026-05-17,FC_DEL,S3,2197,2356,22,8,0,0,22,8,0,2479.4,2356,0,240.0,216.0,10.91,0.9502,0.0,46851.2,19.89
247,2026-05-17,FC_KOL,S1,2146,2140,19,7,0,1,19,6,0,2209.8,2140,0,208.0,180.0,11.89,0.9684,0.0385,33848.0,15.82
248,2026-05-17,FC_KOL,S2,2552,2666,24,9,1,0,23,9,0,2904.6,2666,0,264.0,230.4,11.57,0.9178,0.0303,44273.52,16.61
249,2026-05-17,FC_KOL,S3,1894,1664,18,7,1,0,17,7,0,1904.3,1664,0,200.0,172.8,9.63,0.8738,0.04,35860.0,21.55
250,2026-05-17,FC_MUM,S1,2806,2760,24,9,0,0,24,9,0,3055.6,2760,0,264.0,237.6,11.62,0.9033,0.0,47688.0,17.28
251,2026-05-17,FC_MUM,S2,3467,3319,32,11,0,0,32,11,0,3916.5,3319,0,344.0,309.6,10.72,0.8474,0.0,63835.28,19.23
252,2026-05-17,FC_MUM,S3,1920,2124,19,7,2,1,17,6,31,2124.8,2124,0,239.0,196.6,10.8,0.9996,0.1154,50275.5,23.67
253,2026-05-17,FC_HYD,S1,2465,2364,21,8,4,1,17,7,18,2364.5,2364,0,250.0,190.8,12.39,0.9998,0.1724,43158.0,18.26
254,2026-05-17,FC_HYD,S2,2709,2589,24,9,1,0,23,9,0,2903.6,2589,0,264.0,230.4,11.24,0.8917,0.0303,45435.36,17.55
255,2026-05-17,FC_HYD,S3,1318,1514,12,4,1,0,11,4,29,1522.3,1514,0,157.0,137.0,11.05,0.9945,0.0625,31194.9,20.6
256,2026-05-18,FC_BLR,S1,2580,2450,22,8,1,1,21,7,0,2719.3,2450,0,240.0,201.6,12.15,0.901,0.0667,41504.0,16.94
257,2026-05-18,FC_BLR,S2,2902,2931,25,9,2,0,23,9,0,2945.3,2931,0,272.0,230.4,12.72,0.9951,0.0588,48434.72,16.52
258,2026-05-18,FC_BLR,S3,2061,1935,20,7,2,0,18,7,0,2317.8,1935,0,216.0,180.0,10.75,0.8348,0.0741,41043.2,21.21
259,2026-05-18,FC_DEL,S1,2820,2663,25,9,1,1,24,8,0,3056.3,2663,0,272.0,230.4,11.56,0.8713,0.0588,48256.0,18.12
260,2026-05-18,FC_DEL,S2,3062,3037,27,10,2,2,25,8,0,3054.5,3037,0,296.0,237.6,12.78,0.9943,0.1081,54136.8,17.83
261,2026-05-18,FC_DEL,S3,1703,1867,18,6,0,0,18,6,3,2027.4,1867,0,195.0,175.8,10.62,0.9209,0.0,38233.8,20.48
262,2026-05-18,FC_KOL,S1,1676,1986,15,5,0,2,15,3,35,1988.9,1986,0,195.0,164.6,12.07,0.9985,0.1,34220.0,17.23
263,2026-05-18,FC_KOL,S2,1918,2159,17,6,0,0,17,6,21,2166.1,2159,0,205.0,186.6,11.57,0.9967,0.0,35905.8,16.63
264,2026-05-18,FC_KOL,S3,1181,1242,13,4,1,0,12,4,5,1344.4,1242,0,141.0,120.2,10.33,0.9238,0.0588,25515.6,20.54
265,2026-05-18,FC_MUM,S1,2338,2426,19,7,1,1,18,6,16,2434.3,2426,0,224.0,188.8,12.85,0.9966,0.0769,41760.0,17.21
266,2026-05-18,FC_MUM,S2,2726,2800,26,9,2,1,24,8,0,3013.4,2800,0,280.0,230.4,12.15,0.9292,0.0857,51969.68,18.56
267,2026-05-18,FC_MUM,S3,1718,1706,16,6,2,2,14,4,15,1714.4,1706,0,191.0,144.6,11.8,0.9951,0.1818,39310.7,23.04
268,2026-05-18,FC_HYD,S1,2183,2147,18,7,1,0,17,7,0,2177.5,2147,0,200.0,172.8,12.42,0.986,0.04,33456.0,15.58
269,2026-05-18,FC_HYD,S2,2461,2501,23,8,1,2,22,6,4,2501.7,2501,0,252.0,205.6,12.16,0.9997,0.0968,43585.48,17.43
270,2026-05-18,FC_HYD,S3,1532,1613,16,5,0,0,16,5,0,1826.5,1613,0,168.0,151.2,10.67,0.8831,0.0,30712.0,19.04
271,2026-05-19,FC_BLR,S1,2535,2520,21,7,0,1,21,6,1,2528.7,2520,0,225.0,195.4,12.9,0.9966,0.0357,38890.0,15.43
272,2026-05-19,FC_BLR,S2,3143,2822,27,10,4,0,23,10,0,3008.0,2822,0,296.0,237.6,11.88,0.9382,0.1081,52752.48,18.69
273,2026-05-19,FC_BLR,S3,1811,1801,17,6,1,1,16,5,7,1807.7,1801,0,191.0,158.2,11.38,0.9963,0.087,36896.2,20.49
274,2026-05-19,FC_DEL,S1,3002,3119,26,9,2,0,24,9,0,3181.6,3119,0,280.0,237.6,13.13,0.9803,0.0571,49616.0,15.91
275,2026-05-19,FC_DEL,S2,3329,3310,29,10,1,3,28,7,13,3315.0,3310,0,325.0,265.0,12.49,0.9985,0.1026,60393.02,18.25
276,2026-05-19,FC_DEL,S3,1925,2035,19,7,1,0,18,7,0,2113.6,2035,0,208.0,180.0,11.31,0.9628,0.0385,40620.8,19.96
277,2026-05-19,FC_KOL,S1,2194,2169,21,8,1,1,20,7,0,2365.1,2169,0,232.0,194.4,11.16,0.9171,0.069,37792.0,17.42
278,2026-05-19,FC_KOL,S2,2172,2222,19,7,0,1,19,6,4,2230.4,2222,0,212.0,184.0,12.08,0.9962,0.0385,35835.76,16.13
279,2026-05-19,FC_KOL,S3,1312,1435,13,5,0,0,13,5,0,1445.9,1435,0,144.0,129.6,11.07,0.9924,0.0,25810.4,17.99
280,2026-05-19,FC_MUM,S1,2272,2537,19,7,1,0,18,7,15,2547.1,2537,0,223.0,195.0,13.01,0.996,0.0385,41497.0,16.36
281,2026-05-19,FC_MUM,S2,2870,2792,26,9,0,1,26,8,0,2894.9,2792,0,280.0,244.8,11.41,0.9644,0.0286,51969.68,18.61
282,2026-05-19,FC_MUM,S3,2109,1920,21,7,2,0,19,7,0,2051.9,1920,0,224.0,187.2,10.26,0.9357,0.0714,44352.0,23.1
283,2026-05-19,FC_HYD,S1,2507,2236,21,7,1,3,20,4,2,2239.1,2236,0,226.0,174.8,12.79,0.9986,0.1429,37782.0,16.9
284,2026-05-19,FC_HYD,S2,2225,2491,20,7,2,0,18,7,27,2494.6,2491,0,243.0,207.0,12.03,0.9986,0.0741,43854.31,17.61
285,2026-05-19,FC_HYD,S3,1647,1612,16,6,1,0,15,6,0,1779.4,1612,0,176.0,151.2,10.66,0.9059,0.0455,32348.8,20.07
286,2026-05-20,FC_BLR,S1,2577,2674,21,7,1,1,20,6,25,2675.7,2674,0,249.0,212.2,12.6,0.9994,0.0714,44890.0,16.79
287,2026-05-20,FC_BLR,S2,3296,3231,28,10,0,1,28,9,0,3344.1,3231,0,304.0,266.4,12.13,0.9662,0.0263,54120.32,16.75
288,2026-05-20,FC_BLR,S3,1917,1836,20,7,1,2,19,5,0,2125.8,1836,0,216.0,172.8,10.62,0.8637,0.1111,41043.2,22.35
289,2026-05-20,FC_DEL,S1,3024,3087,27,9,4,1,23,8,21,3090.6,3087,0,309.0,244.2,12.64,0.9988,0.1389,56394.0,18.27
290,2026-05-20,FC_DEL,S2,3388,3347,30,10,0,0,30,10,0,3492.7,3347,0,320.0,288.0,11.62,0.9583,0.0,58339.2,17.43
291,2026-05-20,FC_DEL,S3,2188,2168,21,8,1,2,20,6,1,2173.8,2168,0,233.0,188.2,11.52,0.9973,0.1034,45639.0,21.05
292,2026-05-20,FC_KOL,S1,1953,1918,18,6,0,0,18,6,0,2092.2,1918,0,192.0,172.8,11.1,0.9167,0.0,31152.0,16.24
293,2026-05-20,FC_KOL,S2,2156,2430,21,7,1,0,20,7,9,2434.7,2430,0,233.0,203.4,11.95,0.9981,0.0357,39622.04,16.31
294,2026-05-20,FC_KOL,S3,1524,1495,16,5,1,0,15,5,0,1586.8,1495,0,168.0,144.0,10.38,0.9421,0.0476,29928.8,20.02
295,2026-05-20,FC_MUM,S1,2621,2615,23,8,3,0,20,8,14,2618.6,2615,0,262.0,215.6,12.13,0.9986,0.0968,48378.0,18.5
296,2026-05-20,FC_MUM,S2,2824,2842,25,9,1,0,24,9,0,2848.4,2842,0,272.0,237.6,11.96,0.9977,0.0294,50544.16,17.78
297,2026-05-20,FC_MUM,S3,1858,1910,20,7,0,1,20,6,0,2087.6,1910,0,216.0,187.2,10.2,0.9149,0.037,42829.6,22.42
298,2026-05-20,FC_HYD,S1,2377,2342,21,8,3,1,18,7,6,2350.3,2342,0,238.0,186.0,12.59,0.9965,0.1379,40242.0,17.18
299,2026-05-20,FC_HYD,S2,2724,2589,24,9,2,0,22,9,0,2823.1,2589,0,264.0,223.2,11.6,0.9171,0.0606,45435.36,17.55
300,2026-05-20,FC_HYD,S3,1542,1587,16,5,0,0,16,5,0,1797.7,1587,0,168.0,151.2,10.5,0.8828,0.0,30712.0,19.35
301,2026-05-21,FC_BLR,S1,2881,2869,23,8,2,0,21,8,10,2876.1,2869,0,258.0,218.8,13.11,0.9975,0.0645,45332.0,15.8
302,2026-05-21,FC_BLR,S2,2698,2823,24,8,3,0,21,8,8,2831.0,2823,0,264.0,216.8,13.02,0.9972,0.0938,47544.8,16.84
303,2026-05-21,FC_BLR,S3,1949,1940,18,7,2,0,16,7,7,1942.3,1940,0,207.0,172.6,11.24,0.9988,0.08,40046.6,20.64
304,2026-05-21,FC_DEL,S1,3178,2923,27,9,4,1,23,8,4,2925.6,2923,0,292.0,227.2,12.87,0.9991,0.1389,52008.0,17.79
305,2026-05-21,FC_DEL,S2,3969,3534,36,13,2,0,34,13,0,4183.0,3534,0,392.0,338.4,10.44,0.8448,0.0408,71638.56,20.27
306,2026-05-21,FC_DEL,S3,2357,2243,24,8,0,0,24,8,0,2785.2,2243,0,256.0,230.4,9.74,0.8053,0.0,49843.2,22.22
307,2026-05-21,FC_KOL,S1,2290,2289,21,7,0,0,21,7,0,2416.8,2289,0,224.0,201.6,11.35,0.9471,0.0,36344.0,15.88
308,2026-05-21,FC_KOL,S2,2219,2408,21,8,1,0,20,8,8,2414.2,2408,0,240.0,209.6,11.49,0.9974,0.0345,40870.4,16.97
309,2026-05-21,FC_KOL,S3,1243,1495,13,4,0,1,13,3,24,1497.0,1495,0,160.0,139.2,10.74,0.9987,0.0588,30448.0,20.37
310,2026-05-21,FC_MUM,S1,2825,2736,24,9,2,1,22,8,12,2736.0,2736,0,276.0,228.0,12.0,1.0,0.0909,50844.0,18.58
311,2026-05-21,FC_MUM,S2,3239,3164,29,10,3,0,26,10,20,3164.2,3164,0,332.0,279.2,11.33,0.9999,0.0769,63320.28,20.01
312,2026-05-21,FC_MUM,S3,1975,1989,18,7,0,0,18,7,6,2104.4,1989,0,206.0,186.0,10.69,0.9452,0.0,41520.6,20.88
313,2026-05-21,FC_HYD,S1,2593,2409,22,8,1,0,21,8,0,2582.6,2409,0,240.0,208.8,11.54,0.9328,0.0333,40064.0,16.63
314,2026-05-21,FC_HYD,S2,2488,2555,23,8,0,1,23,7,0,2682.9,2555,0,248.0,216.0,11.83,0.9523,0.0323,42584.32,16.67
315,2026-05-21,FC_HYD,S3,1940,1754,20,7,1,0,19,7,6,2179.8,1754,0,222.0,193.2,9.08,0.8047,0.037,41221.4,23.5
316,2026-05-22,FC_BLR,S1,3153,2841,26,9,1,1,25,8,0,3021.0,2841,0,280.0,237.6,11.96,0.9404,0.0571,48352.0,17.02
317,2026-05-22,FC_BLR,S2,3822,3610,35,12,2,1,33,11,0,3910.2,3610,0,376.0,316.8,11.4,0.9232,0.0638,66859.36,18.52
318,2026-05-22,FC_BLR,S3,2226,2245,21,7,1,0,20,7,0,2252.0,2245,0,224.0,194.4,11.55,0.9969,0.0357,42504.0,18.93
319,2026-05-22,FC_DEL,S1,3548,3310,30,11,2,0,28,11,0,3523.5,3310,0,328.0,280.8,11.79,0.9394,0.0488,58224.0,17.59
320,2026-05-22,FC_DEL,S2,3436,3571,30,11,3,2,27,9,22,3571.4,3571,0,350.0,281.2,12.7,0.9999,0.122,65817.0,18.43
321,2026-05-22,FC_DEL,S3,2491,2328,25,9,2,1,23,8,0,2632.7,2328,0,272.0,223.2,10.43,0.8843,0.0882,53081.6,22.8
322,2026-05-22,FC_KOL,S1,2078,2209,18,6,0,0,18,6,18,2212.1,2209,0,210.0,190.8,11.58,0.9986,0.0,35400.0,16.03
323,2026-05-22,FC_KOL,S2,2948,2799,28,10,0,1,28,9,0,3414.7,2799,0,304.0,266.4,10.51,0.8197,0.0263,50906.72,18.19
324,2026-05-22,FC_KOL,S3,1506,1543,17,6,3,0,14,6,0,1655.1,1543,0,184.0,144.0,10.72,0.9322,0.1304,32894.4,21.32
325,2026-05-22,FC_MUM,S1,2849,3037,24,9,1,0,23,9,18,3043.9,3037,0,282.0,248.4,12.23,0.9977,0.0303,52422.0,17.26
326,2026-05-22,FC_MUM,S2,3370,3337,30,11,0,0,30,11,0,3706.7,3337,0,328.0,295.2,11.3,0.9003,0.0,60984.24,18.28
327,2026-05-22,FC_MUM,S3,1929,1924,20,7,0,0,20,7,0,2133.4,1924,0,216.0,194.4,9.9,0.9018,0.0,42829.6,22.26
328,2026-05-22,FC_HYD,S1,2654,2408,22,8,2,2,20,6,4,2456.3,2408,0,244.0,191.2,12.59,0.9803,0.1333,41036.0,17.04
329,2026-05-22,FC_HYD,S2,2697,2735,24,8,2,1,22,7,4,2739.3,2735,0,260.0,212.8,12.85,0.9984,0.0938,44903.88,16.42
330,2026-05-22,FC_HYD,S3,1945,1717,18,7,0,2,18,5,0,1843.0,1717,0,200.0,165.6,10.37,0.9316,0.08,36801.6,21.43
331,2026-05-23,FC_BLR,S1,3554,3353,30,10,1,0,29,10,0,3718.4,3353,0,320.0,280.8,11.94,0.9017,0.025,55200.0,16.46
332,2026-05-23,FC_BLR,S2,3824,3837,35,12,1,1,34,11,0,4169.4,3837,0,376.0,324.0,11.84,0.9203,0.0426,66859.36,17.42
333,2026-05-23,FC_BLR,S3,2327,2243,23,8,4,1,19,7,0,2335.3,2243,0,248.0,187.2,11.98,0.9605,0.1613,47115.2,21.01
334,2026-05-23,FC_DEL,S1,3196,3178,28,10,1,1,27,9,0,3346.9,3178,0,304.0,259.2,12.26,0.9495,0.0526,53920.0,16.97
335,2026-05-23,FC_DEL,S2,3638,3880,33,11,0,2,33,9,23,3885.6,3880,0,375.0,325.4,11.92,0.9986,0.0455,70285.14,18.11
336,2026-05-23,FC_DEL,S3,2492,2658,25,9,0,0,25,9,0,2812.5,2658,0,272.0,244.8,10.86,0.9451,0.0,53081.6,19.97
337,2026-05-23,FC_KOL,S1,2486,2443,22,8,1,0,21,8,0,2700.8,2443,0,240.0,208.8,11.7,0.9046,0.0333,39040.0,15.98
338,2026-05-23,FC_KOL,S2,2442,2708,24,8,1,2,23,6,21,2716.8,2708,0,277.0,229.8,11.78,0.9968,0.0938,47886.76,17.68
339,2026-05-23,FC_KOL,S3,1863,1749,20,7,2,1,18,6,0,1901.1,1749,0,216.0,172.8,10.12,0.92,0.1111,38605.6,22.07
340,2026-05-23,FC_MUM,S1,3140,3225,28,10,0,1,28,9,0,3285.2,3225,0,304.0,266.4,12.11,0.9817,0.0263,54832.0,17.0
341,2026-05-23,FC_MUM,S2,3415,3500,30,11,0,0,30,11,0,3809.6,3500,0,328.0,295.2,11.86,0.9187,0.0,60984.24,17.42
342,2026-05-23,FC_MUM,S3,2247,2522,21,8,2,0,19,8,36,2425.4,2425,97,268.0,230.4,10.53,0.9999,0.069,56535.6,23.31
343,2026-05-23,FC_HYD,S1,2280,2539,21,7,1,1,20,6,16,2547.4,2539,0,240.0,203.2,12.5,0.9967,0.0714,41184.0,16.22
344,2026-05-23,FC_HYD,S2,3159,3153,28,10,3,2,25,8,15,3159.1,3153,0,319.0,252.6,12.48,0.9981,0.1316,55995.95,17.76
345,2026-05-23,FC_HYD,S3,2074,1956,21,7,1,1,20,6,0,2161.5,1956,0,224.0,187.2,10.45,0.9049,0.0714,41025.6,20.97
346,2026-05-24,FC_BLR,S1,3421,3124,30,10,1,0,29,10,0,3879.7,3124,0,320.0,280.8,11.13,0.8052,0.025,55200.0,17.67
347,2026-05-24,FC_BLR,S2,3605,3508,32,11,1,3,31,8,0,3772.5,3508,0,344.0,280.8,12.49,0.9299,0.093,61173.76,17.44
348,2026-05-24,FC_BLR,S3,1954,2158,20,7,1,0,19,7,0,2211.2,2158,0,216.0,187.2,11.53,0.9759,0.037,41043.2,19.02
349,2026-05-24,FC_DEL,S1,3094,3224,27,9,1,2,26,7,27,3232.8,3224,0,315.0,264.6,12.18,0.9973,0.0833,57942.0,17.97
350,2026-05-24,FC_DEL,S2,3620,3597,32,11,2,1,30,10,0,3753.9,3597,0,344.0,288.0,12.49,0.9582,0.0698,62772.32,17.45
351,2026-05-24,FC_DEL,S3,2440,2299,24,8,1,1,23,7,0,2398.4,2299,0,256.0,216.0,10.64,0.9586,0.0625,49843.2,21.68
352,2026-05-24,FC_KOL,S1,1992,2065,18,7,2,0,16,7,7,2066.8,2065,0,207.0,172.6,11.96,0.9991,0.08,34252.0,16.59
353,2026-05-24,FC_KOL,S2,2699,2632,26,9,1,0,25,9,6,2950.2,2632,0,286.0,250.8,10.49,0.8922,0.0286,48302.88,18.35
354,2026-05-24,FC_KOL,S3,1857,1804,18,6,0,0,18,6,0,1951.1,1804,0,192.0,172.8,10.44,0.9246,0.0,34267.2,19.0
355,2026-05-24,FC_MUM,S1,2958,2817,27,9,0,0,27,9,0,3093.2,2817,0,288.0,259.2,10.87,0.9107,0.0,51840.0,18.4
356,2026-05-24,FC_MUM,S2,3415,3608,30,10,1,3,29,7,36,3500.6,3500,108,356.0,295.2,11.86,0.9998,0.1,69080.04,19.74
357,2026-05-24,FC_MUM,S3,2091,2113,22,8,1,0,21,8,0,2362.2,2113,0,240.0,208.8,10.12,0.8945,0.0333,47643.2,22.55
358,2026-05-24,FC_HYD,S1,2827,2453,23,8,0,0,23,8,0,2822.0,2453,0,248.0,223.2,10.99,0.8692,0.0,41344.0,16.85
359,2026-05-24,FC_HYD,S2,3048,2849,27,9,6,1,21,8,16,2856.6,2849,0,304.0,224.8,12.67,0.9973,0.1944,53395.2,18.74
360,2026-05-24,FC_HYD,S3,1523,1645,16,5,0,1,16,4,0,1650.6,1645,0,168.0,144.0,11.42,0.9966,0.0476,30712.0,18.67
361,2026-05-25,FC_BLR,S1,2383,2724,21,7,0,0,21,7,3,2733.0,2724,0,227.0,204.6,13.31,0.9967,0.0,39390.0,14.46
362,2026-05-25,FC_BLR,S2,3252,3342,28,10,1,1,27,9,1,3342.2,3342,0,305.0,260.2,12.84,0.9999,0.0526,54377.82,16.27
363,2026-05-25,FC_BLR,S3,2090,2051,21,8,1,0,20,8,0,2237.8,2051,0,232.0,201.6,10.17,0.9165,0.0345,44193.6,21.55
364,2026-05-25,FC_DEL,S1,3111,2994,28,10,2,0,26,10,0,3283.6,2994,0,304.0,259.2,11.55,0.9118,0.0526,53920.0,18.01
365,2026-05-25,FC_DEL,S2,3418,3334,30,10,0,0,30,10,0,3624.7,3334,0,320.0,288.0,11.58,0.9198,0.0,58339.2,17.5
366,2026-05-25,FC_DEL,S3,2353,2164,24,9,1,1,23,8,0,2610.6,2164,0,264.0,223.2,9.7,0.8289,0.0606,51585.6,23.84
367,2026-05-25,FC_KOL,S1,2264,2073,21,7,0,1,21,6,0,2288.0,2073,0,224.0,194.4,10.66,0.906,0.0357,36344.0,17.53
368,2026-05-25,FC_KOL,S2,2219,2189,21,8,1,1,20,7,0,2383.8,2189,0,232.0,194.4,11.26,0.9183,0.069,38925.76,17.78
369,2026-05-25,FC_KOL,S3,1474,1460,15,5,2,0,13,5,10,1461.2,1460,0,170.0,139.6,10.46,0.9992,0.1,31152.0,21.34
370,2026-05-25,FC_MUM,S1,2654,2686,22,8,0,0,22,8,5,2693.0,2686,0,245.0,221.0,12.15,0.9974,0.0,44627.0,16.61
371,2026-05-25,FC_MUM,S2,2935,3070,27,10,0,2,27,8,0,3278.4,3070,0,296.0,252.0,12.18,0.9364,0.0541,55051.44,17.93
372,2026-05-25,FC_MUM,S3,2186,2120,21,7,0,1,21,6,0,2208.6,2120,0,224.0,194.4,10.91,0.9599,0.0357,44352.0,20.92
373,2026-05-25,FC_HYD,S1,2733,2526,23,8,2,0,21,8,3,2738.1,2526,0,251.0,211.8,11.93,0.9225,0.0645,42073.0,16.66
374,2026-05-25,FC_HYD,S2,2640,2616,22,8,2,0,20,8,13,2620.1,2616,0,253.0,214.6,12.19,0.9984,0.0667,44519.69,17.02
375,2026-05-25,FC_HYD,S3,1644,1716,16,5,1,0,15,5,7,1720.9,1716,0,175.0,151.0,11.36,0.9971,0.0476,32583.1,18.99
376,2026-05-26,FC_BLR,S1,2436,2620,21,8,0,0,21,8,0,2660.8,2620,0,232.0,208.8,12.55,0.9847,0.0,40176.0,15.33
377,2026-05-26,FC_BLR,S2,2883,3173,26,9,0,2,26,7,18,3177.1,3173,0,298.0,255.6,12.41,0.9987,0.0571,54437.56,17.16
378,2026-05-26,FC_BLR,S3,2191,2157,22,8,0,1,22,7,0,2436.4,2157,0,240.0,208.8,10.33,0.8853,0.0333,45654.4,21.17
379,2026-05-26,FC_DEL,S1,3177,3026,28,10,0,1,28,9,0,3276.2,3026,0,304.0,266.4,11.36,0.9236,0.0263,53920.0,17.82
380,2026-05-26,FC_DEL,S2,3721,3649,33,12,1,0,32,12,0,3669.0,3649,0,360.0,316.8,11.52,0.9945,0.0222,65804.64,18.03
381,2026-05-26,FC_DEL,S3,2524,2280,24,8,0,1,24,7,0,2550.3,2280,0,256.0,223.2,10.22,0.894,0.0312,49843.2,21.86
382,2026-05-26,FC_KOL,S1,2337,2379,21,8,1,0,20,8,0,2558.1,2379,0,232.0,201.6,11.8,0.93,0.0345,37792.0,15.89
383,2026-05-26,FC_KOL,S2,2630,2359,24,9,0,0,24,9,4,2726.4,2359,0,268.0,241.6,9.76,0.8652,0.0,45245.84,19.18
384,2026-05-26,FC_KOL,S3,1715,1651,17,6,1,2,16,4,1,1651.6,1651,0,185.0,145.0,11.39,0.9996,0.1304,33154.0,20.08
385,2026-05-26,FC_MUM,S1,2498,2588,22,8,0,1,22,7,22,2595.5,2588,0,262.0,230.8,11.21,0.9971,0.0333,49098.0,18.97
386,2026-05-26,FC_MUM,S2,3282,3203,30,10,1,2,29,8,0,3436.9,3203,0,320.0,266.4,12.02,0.9319,0.075,59328.0,18.52
387,2026-05-26,FC_MUM,S3,2058,2191,21,8,2,1,19,7,0,2248.3,2191,0,232.0,187.2,11.7,0.9745,0.1034,46120.8,21.05
388,2026-05-26,FC_HYD,S1,2633,2540,23,8,0,0,23,8,0,2737.1,2540,0,248.0,223.2,11.38,0.928,0.0,41344.0,16.28
389,2026-05-26,FC_HYD,S2,3554,3124,31,11,0,0,31,11,0,3911.8,3124,0,336.0,302.4,10.33,0.7986,0.0,57729.44,18.48
390,2026-05-26,FC_HYD,S3,1910,1922,19,7,0,0,19,7,0,2137.0,1922,0,208.0,187.2,10.27,0.8994,0.0,38209.6,19.88
391,2026-05-27,FC_BLR,S1,2495,2713,22,8,0,1,22,7,0,2746.0,2713,0,240.0,208.8,12.99,0.988,0.0333,41504.0,15.3
392,2026-05-27,FC_BLR,S2,2859,3228,24,9,4,1,20,8,36,2946.7,2946,282,300.0,237.6,12.4,0.9998,0.1515,56336.88,19.12
393,2026-05-27,FC_BLR,S3,1964,2053,19,7,0,1,19,6,4,2158.4,2053,0,212.0,184.0,11.16,0.9512,0.0385,40682.4,19.82
394,2026-05-27,FC_DEL,S1,2546,2741,21,8,1,2,20,6,36,2680.8,2680,61,268.0,223.2,12.01,0.9997,0.1034,50520.0,18.85
395,2026-05-27,FC_DEL,S2,3530,3386,31,11,3,1,28,10,0,3499.7,3386,0,336.0,273.6,12.38,0.9675,0.0952,61371.52,18.13
396,2026-05-27,FC_DEL,S3,2095,2005,22,8,3,1,19,7,0,2153.4,2005,0,240.0,187.2,10.71,0.9311,0.1333,46851.2,23.37
397,2026-05-27,FC_KOL,S1,2068,2126,18,6,1,0,17,6,0,2141.8,2126,0,192.0,165.6,12.84,0.9926,0.0417,31152.0,14.65
398,2026-05-27,FC_KOL,S2,2267,2383,20,7,2,0,18,7,21,2383.5,2383,0,237.0,201.0,11.86,0.9998,0.0741,41253.56,17.31
399,2026-05-27,FC_KOL,S3,1361,1414,14,5,0,0,14,5,0,1496.1,1414,0,152.0,136.8,10.34,0.9451,0.0,27183.2,19.22
400,2026-05-27,FC_MUM,S1,2763,2669,24,9,3,0,21,9,0,2759.5,2669,0,264.0,216.0,12.36,0.9672,0.0909,47688.0,17.87
401,2026-05-27,FC_MUM,S2,2759,2992,25,9,1,0,24,9,0,3041.5,2992,0,272.0,237.6,12.59,0.9837,0.0294,50544.16,16.89
402,2026-05-27,FC_MUM,S3,1766,1736,18,6,0,0,18,6,6,1896.9,1736,0,198.0,178.8,9.71,0.9152,0.0,39751.8,22.9
403,2026-05-27,FC_HYD,S1,2368,2232,19,7,0,1,19,6,0,2378.2,2232,0,208.0,180.0,12.4,0.9385,0.0385,34736.0,15.56
404,2026-05-27,FC_HYD,S2,2448,2398,22,8,0,1,22,7,0,2400.0,2398,0,240.0,208.8,11.48,0.9992,0.0333,41265.92,17.21
405,2026-05-27,FC_HYD,S3,1845,1741,18,6,1,0,17,6,0,1882.5,1741,0,192.0,165.6,10.51,0.9249,0.0417,35164.8,20.2
406,2026-05-28,FC_BLR,S1,3323,3113,28,10,2,1,26,9,0,3445.0,3113,0,304.0,252.0,12.35,0.9036,0.0789,52544.0,16.88
407,2026-05-28,FC_BLR,S2,2423,2958,20,7,0,0,20,7,36,2701.3,2701,257,252.0,230.4,11.72,0.9999,0.0,47701.36,17.66
408,2026-05-28,FC_BLR,S3,2043,2031,20,7,3,0,17,7,0,2158.9,2031,0,216.0,172.8,11.75,0.9407,0.1111,41043.2,20.21
409,2026-05-28,FC_DEL,S1,3071,3044,27,9,2,0,25,9,2,3313.2,3044,0,290.0,246.8,12.33,0.9188,0.0556,51492.0,16.92
410,2026-05-28,FC_DEL,S2,3305,3335,29,10,0,1,29,9,0,3727.3,3335,0,312.0,273.6,12.19,0.8947,0.0256,56938.4,17.07
411,2026-05-28,FC_DEL,S3,2403,2202,24,9,0,2,24,7,0,2565.4,2202,0,264.0,223.2,9.87,0.8583,0.0606,51585.6,23.43
412,2026-05-28,FC_KOL,S1,2243,2182,20,7,0,0,20,7,0,2477.7,2182,0,216.0,194.4,11.22,0.8807,0.0,35096.0,16.08
413,2026-05-28,FC_KOL,S2,2563,2472,25,9,2,1,23,8,0,2546.3,2472,0,272.0,223.2,11.08,0.9708,0.0882,45558.96,18.43
414,2026-05-28,FC_KOL,S3,1330,1411,15,5,1,0,14,5,0,1526.7,1411,0,160.0,136.8,10.31,0.9242,0.05,28556.0,20.24
415,2026-05-28,FC_MUM,S1,2949,2761,25,9,2,0,23,9,0,2955.4,2761,0,272.0,230.4,11.98,0.9342,0.0588,49072.0,17.77
416,2026-05-28,FC_MUM,S2,3216,3286,30,10,1,1,29,9,0,3332.1,3286,0,320.0,273.6,12.01,0.9862,0.05,59328.0,18.05
417,2026-05-28,FC_MUM,S3,1840,1853,18,6,2,0,16,6,7,1861.1,1853,0,199.0,165.4,11.2,0.9957,0.0833,40041.1,21.61
418,2026-05-28,FC_HYD,S1,2358,2375,19,7,0,0,19,7,0,2406.1,2375,0,208.0,187.2,12.69,0.9871,0.0,34736.0,14.63
419,2026-05-28,FC_HYD,S2,2684,2779,23,8,2,1,21,7,28,2782.7,2779,0,276.0,229.6,12.1,0.9987,0.0968,49592.44,17.85
420,2026-05-28,FC_HYD,S3,1812,1698,17,6,1,0,16,6,0,1906.0,1698,0,184.0,158.4,10.72,0.8909,0.0435,33756.8,19.88
421,2026-05-29,FC_BLR,S1,3203,3086,27,10,1,0,26,10,0,3129.9,3086,0,296.0,259.2,11.91,0.986,0.027,51216.0,16.6
422,2026-05-29,FC_BLR,S2,3431,3538,29,10,0,1,29,9,1,3545.7,3538,0,313.0,274.6,12.88,0.9978,0.0256,55745.66,15.76
423,2026-05-29,FC_BLR,S3,2299,2160,21,7,2,1,19,6,6,2307.0,2160,0,230.0,186.0,11.61,0.9363,0.1071,44154.0,20.44
424,2026-05-29,FC_DEL,S1,3649,3525,31,11,0,0,31,11,0,3849.2,3525,0,336.0,302.4,11.66,0.9158,0.0,59584.0,16.9
425,2026-05-29,FC_DEL,S2,3914,3796,34,12,1,2,33,10,0,3853.6,3796,0,368.0,309.6,12.26,0.985,0.0652,67205.44,17.7
426,2026-05-29,FC_DEL,S3,2542,2479,24,8,1,0,23,8,0,2554.6,2479,0,256.0,223.2,11.11,0.9704,0.0312,49843.2,20.11
427,2026-05-29,FC_KOL,S1,1938,2179,18,6,0,0,18,6,0,2208.0,2179,0,192.0,172.8,12.61,0.9869,0.0,31152.0,14.3
428,2026-05-29,FC_KOL,S2,2701,2647,26,9,0,3,26,6,0,2808.2,2647,0,280.0,230.4,11.49,0.9426,0.0857,46844.4,17.7
429,2026-05-29,FC_KOL,S3,1683,1755,18,7,0,0,18,7,0,1842.8,1755,0,200.0,180.0,9.75,0.9524,0.0,35860.0,20.43
430,2026-05-29,FC_MUM,S1,2746,2873,23,8,2,2,21,6,36,2689.9,2689,184,284.0,230.4,11.67,0.9997,0.129,54164.0,20.14
431,2026-05-29,FC_MUM,S2,3187,3337,28,10,1,2,27,8,21,3342.6,3337,0,325.0,273.0,12.22,0.9983,0.0789,62165.65,18.63
432,2026-05-29,FC_MUM,S3,2386,2172,24,8,0,2,24,6,0,2497.3,2172,0,256.0,216.0,10.06,0.8697,0.0625,50688.0,23.34
433,2026-05-29,FC_HYD,S1,2434,2344,21,7,2,0,19,7,0,2476.0,2344,0,224.0,187.2,12.52,0.9467,0.0714,37296.0,15.91
434,2026-05-29,FC_HYD,S2,2635,2774,24,8,0,0,24,8,0,2872.5,2774,0,256.0,230.4,12.04,0.9657,0.0,43902.72,15.83
435,2026-05-29,FC_HYD,S3,1847,1733,17,6,0,1,17,5,0,1929.4,1733,0,184.0,158.4,10.94,0.8982,0.0435,33756.8,19.48
436,2026-05-30,FC_BLR,S1,2742,3063,22,8,2,0,20,8,36,3020.7,3020,43,276.0,237.6,12.71,0.9998,0.0667,50504.0,16.72
437,2026-05-30,FC_BLR,S2,3945,3782,35,12,2,1,33,11,0,3794.5,3782,0,376.0,316.8,11.94,0.9967,0.0638,66859.36,17.68
438,2026-05-30,FC_BLR,S3,2380,2353,24,8,0,3,24,5,0,2622.2,2353,0,256.0,208.8,11.27,0.8973,0.0938,48576.0,20.64
439,2026-05-30,FC_DEL,S1,3227,3509,27,10,2,2,25,8,36,3285.7,3285,224,332.0,273.6,12.01,0.9998,0.1081,61848.0,18.83
440,2026-05-30,FC_DEL,S2,3855,4162,34,12,1,0,33,12,22,4169.0,4162,0,390.0,346.0,12.03,0.9983,0.0217,73051.72,17.55
441,2026-05-30,FC_DEL,S3,3018,2769,30,10,1,1,29,9,5,3285.2,2769,0,325.0,278.6,9.94,0.8429,0.05,63723.0,23.01
442,2026-05-30,FC_KOL,S1,2511,2510,23,8,2,1,21,7,0,2611.5,2510,0,248.0,201.6,12.45,0.9611,0.0968,40288.0,16.05
443,2026-05-30,FC_KOL,S2,2764,2863,25,9,1,0,24,9,13,2867.6,2863,0,285.0,250.6,11.42,0.9984,0.0294,48719.0,17.02
444,2026-05-30,FC_KOL,S3,1873,1757,20,7,0,1,20,6,0,1968.4,1757,0,216.0,187.2,9.39,0.8926,0.037,38605.6,21.97
445,2026-05-30,FC_MUM,S1,3552,3328,31,11,1,1,30,10,0,3610.7,3328,0,336.0,288.0,11.56,0.9217,0.0476,60592.0,18.21
446,2026-05-30,FC_MUM,S2,3175,3380,30,10,1,3,29,7,14,3383.7,3380,0,334.0,273.2,12.37,0.9989,0.1,63120.46,18.67
447,2026-05-30,FC_MUM,S3,2361,2349,23,8,2,0,21,8,0,2429.2,2349,0,248.0,208.8,11.25,0.967,0.0645,49165.6,20.93
448,2026-05-30,FC_HYD,S1,2894,2803,24,9,2,2,22,7,8,2806.5,2803,0,272.0,216.8,12.93,0.9988,0.1212,46056.0,16.43
449,2026-05-30,FC_HYD,S2,2845,2834,24,9,0,1,24,8,0,2995.3,2834,0,264.0,230.4,12.3,0.9461,0.0303,45435.36,16.03
450,2026-05-30,FC_HYD,S3,2363,2047,22,8,0,0,22,8,0,2426.8,2047,0,240.0,216.0,9.48,0.8435,0.0,44070.4,21.53
451,2026-05-31,FC_BLR,S1,3257,3072,27,10,2,0,25,10,0,3265.5,3072,0,296.0,252.0,12.19,0.9407,0.0541,51216.0,16.67
452,2026-05-31,FC_BLR,S2,3190,3290,27,10,1,2,26,8,10,3295.3,3290,0,306.0,254.8,12.91,0.9984,0.0811,55327.48,16.82
453,2026-05-31,FC_BLR,S3,1856,1883,18,7,1,0,17,7,0,1987.5,1883,0,200.0,172.8,10.9,0.9474,0.04,38121.6,20.25
454,2026-05-31,FC_DEL,S1,3169,3236,27,10,2,1,25,9,18,3239.9,3236,0,314.0,262.8,12.31,0.9988,0.0811,57204.0,17.68
455,2026-05-31,FC_DEL,S2,3592,3556,33,12,0,1,33,11,0,3596.2,3556,0,360.0,316.8,11.22,0.9888,0.0222,65804.64,18.51
456,2026-05-31,FC_DEL,S3,2110,2185,21,7,0,3,21,4,7,2190.3,2185,0,231.0,187.0,11.68,0.9976,0.1071,45599.4,20.87
457,2026-05-31,FC_KOL,S1,2334,2298,21,7,2,0,19,7,2,2298.8,2298,0,226.0,189.2,12.15,0.9997,0.0714,36816.0,16.02
458,2026-05-31,FC_KOL,S2,2388,2624,23,8,2,0,21,8,16,2631.4,2624,0,264.0,224.8,11.67,0.9972,0.0645,45385.92,17.3
459,2026-05-31,FC_KOL,S3,1691,1788,16,6,0,0,16,6,0,1906.1,1788,0,176.0,158.4,11.29,0.938,0.0,31521.6,17.63
460,2026-05-31,FC_MUM,S1,2992,2953,27,9,1,0,26,9,0,3407.7,2953,0,288.0,252.0,11.72,0.8666,0.0278,51840.0,17.56
461,2026-05-31,FC_MUM,S2,2974,3217,28,10,2,0,26,10,0,3255.9,3217,0,304.0,259.2,12.41,0.9881,0.0526,56476.96,17.56
462,2026-05-31,FC_MUM,S3,1803,1959,18,7,0,0,18,7,0,2012.3,1959,0,200.0,180.0,10.88,0.9735,0.0,39784.8,20.31
463,2026-05-31,FC_HYD,S1,2490,2701,22,8,2,0,20,8,14,2705.7,2701,0,254.0,215.6,12.53,0.9983,0.0667,43466.0,16.09
464,2026-05-31,FC_HYD,S2,2780,2771,24,9,2,0,22,9,3,2773.0,2771,0,267.0,226.2,12.25,0.9993,0.0606,46186.23,16.67
465,2026-05-31,FC_HYD,S3,1530,1693,15,5,0,0,15,5,0,1736.5,1693,0,160.0,144.0,11.76,0.9749,0.0,29304.0,17.31
466,2026-06-01,FC_BLR,S1,2804,3006,24,9,0,1,24,8,0,3066.1,3006,0,264.0,230.4,13.05,0.9804,0.0303,45696.0,15.2
467,2026-06-01,FC_BLR,S2,3624,3322,31,11,1,0,30,11,6,3796.8,3322,0,342.0,301.2,11.03,0.8749,0.0238,61350.92,18.47
468,2026-06-01,FC_BLR,S3,1988,1992,19,7,0,0,19,7,0,2130.3,1992,0,208.0,187.2,10.64,0.9351,0.0,39582.4,19.87
469,2026-06-01,FC_DEL,S1,3298,3212,28,10,2,0,26,10,0,3395.5,3212,0,304.0,259.2,12.39,0.946,0.0526,53920.0,16.79
470,2026-06-01,FC_DEL,S2,3320,3390,30,10,3,1,27,9,29,3397.0,3390,0,349.0,288.2,11.76,0.9979,0.1,66045.66,19.48
471,2026-06-01,FC_DEL,S3,2194,1973,21,8,1,2,20,6,0,2064.3,1973,0,232.0,187.2,10.54,0.9557,0.1034,45355.2,22.99
472,2026-06-01,FC_KOL,S1,2040,2016,19,7,0,1,19,6,0,2322.4,2016,0,208.0,180.0,11.2,0.8681,0.0385,33848.0,16.79
473,2026-06-01,FC_KOL,S2,2557,2637,25,9,0,2,25,7,0,2798.3,2637,0,272.0,230.4,11.45,0.9424,0.0588,45558.96,17.28
474,2026-06-01,FC_KOL,S3,1521,1491,17,6,0,0,17,6,0,1754.3,1491,0,184.0,165.6,9.0,0.8499,0.0,32894.4,22.06
475,2026-06-01,FC_MUM,S1,2315,2529,20,7,0,1,20,6,8,2537.9,2529,0,224.0,195.2,12.96,0.9965,0.037,41040.0,16.23
476,2026-06-01,FC_MUM,S2,3370,3241,30,11,1,2,29,9,0,3525.5,3241,0,328.0,273.6,11.85,0.9193,0.0732,60984.24,18.82
477,2026-06-01,FC_MUM,S3,1865,1881,18,7,0,0,18,7,3,1883.0,1881,0,203.0,183.0,10.28,0.9989,0.0,40652.7,21.61
478,2026-06-01,FC_HYD,S1,2369,2429,21,7,1,1,20,6,2,2429.5,2429,0,226.0,189.2,12.84,0.9998,0.0714,37782.0,15.55
479,2026-06-01,FC_HYD,S2,2752,2627,24,8,1,1,23,7,7,2627.9,2627,0,263.0,223.0,11.78,0.9997,0.0625,45654.75,17.38
480,2026-06-01,FC_HYD,S3,1841,1724,19,7,2,1,17,6,0,1873.3,1724,0,208.0,165.6,10.41,0.9203,0.1154,38209.6,22.16
481,2026-06-02,FC_BLR,S1,2466,2602,22,8,0,0,22,8,0,2901.6,2602,0,240.0,216.0,12.05,0.8967,0.0,41504.0,15.95
482,2026-06-02,FC_BLR,S2,2964,3245,25,9,1,0,24,9,36,3180.7,3180,65,308.0,273.6,11.62,0.9998,0.0294,57704.72,18.15
483,2026-06-02,FC_BLR,S3,1838,1917,18,7,1,0,17,7,2,2123.2,1917,0,202.0,174.8,10.97,0.9029,0.04,38671.6,20.17
484,2026-06-02,FC_DEL,S1,3508,3355,30,10,1,2,29,8,0,3438.2,3355,0,320.0,266.4,12.59,0.9758,0.075,56640.0,16.88
485,2026-06-02,FC_DEL,S2,3672,3700,32,11,1,0,31,11,0,3779.3,3700,0,344.0,302.4,12.24,0.979,0.0233,62772.32,16.97
486,2026-06-02,FC_DEL,S3,2045,2157,21,8,1,0,20,8,0,2475.5,2157,0,232.0,201.6,10.7,0.8713,0.0345,45355.2,21.03
487,2026-06-02,FC_KOL,S1,2204,2089,19,7,0,0,19,7,4,2371.1,2089,0,212.0,191.2,10.93,0.881,0.0,34792.0,16.65
488,2026-06-02,FC_KOL,S2,2865,2656,27,10,2,0,25,10,0,2972.7,2656,0,296.0,252.0,10.54,0.8935,0.0541,49621.28,18.68
489,2026-06-02,FC_KOL,S3,1453,1494,15,5,0,0,15,5,0,1551.3,1494,0,160.0,144.0,10.38,0.9631,0.0,28556.0,19.11
490,2026-06-02,FC_MUM,S1,2529,2593,21,8,0,0,21,8,1,2602.6,2593,0,233.0,209.8,12.36,0.9963,0.0,42191.0,16.27
491,2026-06-02,FC_MUM,S2,3783,3595,34,12,6,0,28,12,22,3597.1,3595,0,390.0,310.0,11.6,0.9994,0.1304,74302.14,20.67
492,2026-06-02,FC_MUM,S3,1955,2021,20,7,0,0,20,7,0,2208.3,2021,0,216.0,194.4,10.4,0.9152,0.0,42829.6,21.19
493,2026-06-02,FC_HYD,S1,2624,2587,23,8,2,2,21,6,26,2593.1,2587,0,274.0,220.4,11.74,0.9976,0.129,47662.0,18.42
494,2026-06-02,FC_HYD,S2,2841,2623,27,9,1,1,26,8,0,2945.7,2623,0,288.0,244.8,10.71,0.8905,0.0556,49390.56,18.83
495,2026-06-02,FC_HYD,S3,1600,1584,16,6,1,0,15,6,0,1769.7,1584,0,176.0,151.2,10.48,0.8951,0.0455,32348.8,20.42
496,2026-06-03,FC_BLR,S1,2907,2790,26,9,0,1,26,8,0,3233.9,2790,0,280.0,244.8,11.4,0.8627,0.0286,48352.0,17.33
497,2026-06-03,FC_BLR,S2,3321,3177,30,11,0,1,30,10,0,3641.8,3177,0,328.0,288.0,11.03,0.8724,0.0244,58438.08,18.39
498,2026-06-03,FC_BLR,S3,2094,2116,21,7,1,0,20,7,0,2280.3,2116,0,224.0,194.4,10.88,0.928,0.0357,42504.0,20.09
499,2026-06-03,FC_DEL,S1,2800,2875,24,9,1,0,23,9,7,2884.2,2875,0,271.0,237.4,12.11,0.9968,0.0303,48702.0,16.94
500,2026-06-03,FC_DEL,S2,3645,3637,34,12,0,1,34,11,0,4131.3,3637,0,368.0,324.0,11.23,0.8803,0.0217,67205.44,18.48
501,2026-06-03,FC_DEL,S3,2018,2137,21,7,2,0,19,7,0,2174.5,2137,0,224.0,187.2,11.42,0.9828,0.0714,43612.8,20.41
502,2026-06-03,FC_KOL,S1,2105,2061,18,7,3,1,15,6,23,2066.6,2061,0,223.0,174.2,11.83,0.9973,0.16,38028.0,18.45
503,2026-06-03,FC_KOL,S2,2539,2591,24,8,3,0,21,8,3,2599.8,2591,0,259.0,211.8,12.23,0.9966,0.0938,43511.32,16.79
504,2026-06-03,FC_KOL,S3,1451,1535,14,5,0,0,14,5,0,1572.7,1535,0,152.0,136.8,11.22,0.976,0.0,27183.2,17.71
505,2026-06-03,FC_MUM,S1,2294,2294,21,8,1,0,20,8,0,2657.0,2294,0,232.0,201.6,11.38,0.8634,0.0345,41928.0,18.28
506,2026-06-03,FC_MUM,S2,2589,2754,25,9,0,0,25,9,0,2915.6,2754,0,272.0,244.8,11.25,0.9446,0.0,50544.16,18.35
507,2026-06-03,FC_MUM,S3,1663,1872,16,6,3,1,13,5,36,1757.6,1757,115,212.0,165.6,10.61,0.9997,0.1818,45386.0,25.83
508,2026-06-03,FC_HYD,S1,2301,2414,21,7,1,0,20,7,0,2634.9,2414,0,224.0,194.4,12.42,0.9161,0.0357,37296.0,15.45
509,2026-06-03,FC_HYD,S2,2064,2497,18,7,4,0,14,7,36,2239.5,2239,258,236.0,187.2,11.96,0.9998,0.16,43470.12,19.41
510,2026-06-03,FC_HYD,S3,1565,1703,16,6,0,1,16,5,0,1811.1,1703,0,176.0,151.2,11.26,0.9403,0.0455,32348.8,19.0
511,2026-06-04,FC_BLR,S1,2755,2691,23,8,2,0,21,8,0,2723.5,2691,0,248.0,208.8,12.89,0.9881,0.0645,42832.0,15.92
512,2026-06-04,FC_BLR,S2,3090,3009,28,10,2,1,26,9,0,3356.7,3009,0,304.0,252.0,11.94,0.8964,0.0789,54120.32,17.99
513,2026-06-04,FC_BLR,S3,1840,2010,18,7,1,1,17,6,4,2010.5,2010,0,204.0,169.6,11.85,0.9998,0.08,39221.6,19.51
514,2026-06-04,FC_DEL,S1,3115,3008,27,9,1,1,26,8,0,3182.0,3008,0,288.0,244.8,12.29,0.9453,0.0556,50976.0,16.95
515,2026-06-04,FC_DEL,S2,3721,3697,34,12,3,1,31,11,0,3885.0,3697,0,368.0,302.4,12.23,0.9516,0.087,67205.44,18.18
516,2026-06-04,FC_DEL,S3,2384,2245,22,8,0,1,22,7,3,2423.7,2245,0,243.0,211.8,10.6,0.9263,0.0333,47702.6,21.25
517,2026-06-04,FC_KOL,S1,2091,2040,19,7,1,1,18,6,0,2121.2,2040,0,208.0,172.8,11.81,0.9617,0.0769,33848.0,16.59
518,2026-06-04,FC_KOL,S2,2581,2433,24,8,0,1,24,7,0,2638.7,2433,0,256.0,223.2,10.9,0.922,0.0312,42782.08,17.58
519,2026-06-04,FC_KOL,S3,1579,1547,16,6,2,1,14,5,10,1554.5,1547,0,186.0,146.8,10.54,0.9951,0.1364,34117.6,22.05
520,2026-06-04,FC_MUM,S1,2852,2649,24,9,0,1,24,8,0,2917.4,2649,0,264.0,230.4,11.5,0.908,0.0303,47688.0,18.0
521,2026-06-04,FC_MUM,S2,3162,2971,29,10,1,1,28,9,0,3066.4,2971,0,312.0,266.4,11.15,0.9689,0.0513,57902.48,19.49
522,2026-06-04,FC_MUM,S3,2015,1975,20,7,0,1,20,6,0,2169.1,1975,0,216.0,187.2,10.55,0.9105,0.037,42829.6,21.69
523,2026-06-04,FC_HYD,S1,2221,2357,19,7,1,0,18,7,8,2359.2,2357,0,216.0,188.0,12.54,0.9991,0.0385,36680.0,15.56
524,2026-06-04,FC_HYD,S2,2383,2604,20,7,1,0,19,7,24,2608.2,2604,0,240.0,211.2,12.33,0.9984,0.037,43103.44,16.55
525,2026-06-04,FC_HYD,S3,1575,1740,17,6,1,0,16,6,4,1745.6,1740,0,188.0,162.4,10.71,0.9968,0.0435,34826.0,20.01
526,2026-06-05,FC_BLR,S1,2902,2938,24,8,5,1,19,7,36,2775.4,2775,163,292.0,223.2,12.43,0.9998,0.1875,53160.0,19.16
527,2026-06-05,FC_BLR,S2,3267,3621,28,10,2,0,26,10,36,3416.5,3416,205,340.0,295.2,11.57,0.9998,0.0526,63390.32,18.56
528,2026-06-05,FC_BLR,S3,2218,2372,21,8,1,0,20,8,8,2373.4,2372,0,240.0,209.6,11.32,0.9994,0.0345,46393.6,19.56
529,2026-06-05,FC_DEL,S1,3400,3706,30,10,3,0,27,10,29,3706.6,3706,0,349.0,295.4,12.55,0.9998,0.075,64122.0,17.3
530,2026-06-05,FC_DEL,S2,3747,3749,33,12,1,0,32,12,0,4118.8,3749,0,360.0,316.8,11.83,0.9102,0.0222,65804.64,17.55
531,2026-06-05,FC_DEL,S3,2080,2256,20,7,2,0,18,7,20,2257.2,2256,0,236.0,200.0,11.28,0.9995,0.0741,47792.8,21.18
532,2026-06-05,FC_KOL,S1,2221,2350,21,7,2,1,19,6,16,2354.8,2350,0,240.0,196.0,11.99,0.998,0.1071,40120.0,17.07
533,2026-06-05,FC_KOL,S2,2860,2824,27,10,0,1,27,9,0,3176.3,2824,0,296.0,259.2,10.9,0.8891,0.027,49621.28,17.57
534,2026-06-05,FC_KOL,S3,1487,1695,15,5,0,1,15,4,22,1698.8,1695,0,182.0,158.8,10.67,0.9978,0.05,34267.2,20.22
535,2026-06-05,FC_MUM,S1,3325,2926,29,10,1,1,28,9,4,3402.9,2926,0,316.0,270.4,10.82,0.8599,0.0513,57268.0,19.57
536,2026-06-05,FC_MUM,S2,3295,3097,30,11,1,1,29,10,3,3535.0,3097,0,331.0,283.8,10.91,0.8761,0.0488,61796.91,19.95
537,2026-06-05,FC_MUM,S3,2127,2114,22,8,1,1,21,7,0,2241.5,2114,0,240.0,201.6,10.49,0.9431,0.0667,47643.2,22.54
538,2026-06-05,FC_HYD,S1,2820,2533,24,9,3,0,21,9,0,2646.4,2533,0,264.0,216.0,11.73,0.9571,0.0909,44112.0,17.41
539,2026-06-05,FC_HYD,S2,2675,2701,23,8,2,0,21,8,12,2701.3,2701,0,260.0,220.8,12.23,0.9999,0.0645,45587.8,16.88
540,2026-06-05,FC_HYD,S3,1822,1986,18,7,0,0,18,7,0,2130.1,1986,0,200.0,180.0,11.03,0.9324,0.0,36801.6,18.53
541,2026-06-06,FC_BLR,S1,3162,3171,27,9,2,0,25,9,0,3326.6,3171,0,288.0,244.8,12.95,0.9532,0.0556,49680.0,15.67
542,2026-06-06,FC_BLR,S2,4169,4144,37,13,1,3,36,10,0,4184.6,4144,0,400.0,331.2,12.51,0.9903,0.08,71177.12,17.18
543,2026-06-06,FC_BLR,S3,2323,2334,22,8,0,2,22,6,0,2463.8,2334,0,240.0,201.6,11.58,0.9473,0.0667,45654.4,19.56
544,2026-06-06,FC_DEL,S1,3019,3086,26,9,0,2,26,7,0,3109.4,3086,0,280.0,237.6,12.99,0.9925,0.0571,49616.0,16.08
545,2026-06-06,FC_DEL,S2,4765,4233,41,15,2,0,39,15,0,4673.3,4233,0,448.0,388.8,10.89,0.9058,0.0357,81905.6,19.35
546,2026-06-06,FC_DEL,S3,2836,2728,27,10,1,0,26,10,0,2920.9,2728,0,296.0,259.2,10.52,0.9339,0.027,57816.0,21.19
547,2026-06-06,FC_KOL,S1,2269,2425,21,7,0,1,21,6,0,2432.5,2425,0,224.0,194.4,12.47,0.9969,0.0357,36344.0,14.99
548,2026-06-06,FC_KOL,S2,2492,2518,24,8,4,2,20,6,30,2522.8,2518,0,286.0,217.2,11.59,0.9981,0.1875,50074.48,19.89
549,2026-06-06,FC_KOL,S3,1864,1848,18,7,1,1,17,6,0,1930.7,1848,0,200.0,165.6,11.16,0.9572,0.08,35860.0,19.4
550,2026-06-06,FC_MUM,S1,3105,3193,27,9,1,0,26,9,0,3236.8,3193,0,288.0,252.0,12.67,0.9865,0.0278,51840.0,16.24
551,2026-06-06,FC_MUM,S2,3654,3812,34,12,0,1,34,11,0,4106.7,3812,0,368.0,324.0,11.77,0.9283,0.0217,68342.56,17.93
552,2026-06-06,FC_MUM,S3,2047,2022,19,7,1,0,18,7,0,2056.0,2022,0,208.0,180.0,11.23,0.9835,0.0385,41307.2,20.43
553,2026-06-06,FC_HYD,S1,2197,2693,19,7,3,2,16,5,36,2396.7,2396,297,244.0,187.2,12.8,0.9997,0.1923,43484.0,18.15
554,2026-06-06,FC_HYD,S2,3483,3359,30,11,1,3,29,8,0,3466.7,3359,0,328.0,266.4,12.61,0.9689,0.0976,56411.04,16.79
555,2026-06-06,FC_HYD,S3,1790,1965,17,6,1,2,16,4,36,1782.0,1782,183,220.0,180.0,9.9,1.0,0.1304,43379.6,24.34
556,2026-06-07,FC_BLR,S1,2987,2864,25,9,1,0,24,9,0,3256.0,2864,0,272.0,237.6,12.05,0.8796,0.0294,47024.0,16.42
557,2026-06-07,FC_BLR,S2,3406,3419,30,10,0,1,30,9,16,3423.6,3419,0,336.0,296.8,11.52,0.9987,0.025,60976.0,17.83
558,2026-06-07,FC_BLR,S3,2344,2344,23,8,1,1,22,7,5,2352.0,2344,0,253.0,213.8,10.96,0.9966,0.0645,48490.2,20.69
559,2026-06-07,FC_DEL,S1,3104,3104,27,10,0,1,27,9,0,3122.1,3104,0,296.0,259.2,11.98,0.9942,0.027,52560.0,16.93
560,2026-06-07,FC_DEL,S2,3597,3834,33,11,1,1,32,10,0,3856.1,3834,0,352.0,302.4,12.68,0.9943,0.0455,64173.12,16.74
561,2026-06-07,FC_DEL,S3,2078,1959,21,7,0,1,21,6,0,2295.5,1959,0,224.0,194.4,10.08,0.8534,0.0357,43612.8,22.26
562,2026-06-07,FC_KOL,S1,2231,2166,19,7,2,0,17,7,13,2169.5,2166,0,221.0,185.8,11.66,0.9984,0.0769,36916.0,17.04
563,2026-06-07,FC_KOL,S2,2449,2465,23,8,2,0,21,8,0,2510.8,2465,0,248.0,208.8,11.81,0.9818,0.0645,41496.64,16.83
564,2026-06-07,FC_KOL,S3,1630,1579,17,6,1,1,16,5,0,1639.2,1579,0,184.0,151.2,10.44,0.9633,0.087,32894.4,20.83
565,2026-06-07,FC_MUM,S1,2733,2794,24,8,1,0,23,8,4,2893.9,2794,0,260.0,227.2,12.3,0.9655,0.0312,47132.0,16.87
566,2026-06-07,FC_MUM,S2,3587,3377,33,12,2,1,31,11,0,3757.5,3377,0,360.0,302.4,11.17,0.8987,0.0667,66917.04,19.82
567,2026-06-07,FC_MUM,S3,1935,2073,20,7,2,1,18,6,14,2073.9,2073,0,230.0,186.8,11.1,0.9996,0.1111,46879.8,22.61
568,2026-06-07,FC_HYD,S1,2419,2526,20,7,2,1,18,6,36,2501.3,2501,25,252.0,208.8,11.98,0.9999,0.1111,44764.0,17.9
569,2026-06-07,FC_HYD,S2,2836,2772,25,9,2,0,23,9,2,2777.2,2772,0,274.0,232.4,11.93,0.9981,0.0588,47254.34,17.05
570,2026-06-07,FC_HYD,S3,1633,1595,16,6,2,1,14,5,0,1621.1,1595,0,176.0,136.8,11.66,0.9839,0.1364,32348.8,20.28
571,2026-06-08,FC_BLR,S1,2565,2492,21,8,1,1,20,7,0,2719.1,2492,0,232.0,194.4,12.82,0.9165,0.069,40176.0,16.12
572,2026-06-08,FC_BLR,S2,3055,3011,27,9,2,1,25,8,10,3015.0,3011,0,298.0,247.6,12.16,0.9987,0.0833,53745.4,17.85
573,2026-06-08,FC_BLR,S3,1803,1855,17,6,1,0,16,6,4,1859.0,1855,0,188.0,162.4,11.42,0.9978,0.0435,36071.2,19.45
574,2026-06-08,FC_DEL,S1,2818,2811,24,9,0,1,24,8,0,3152.4,2811,0,264.0,230.4,12.2,0.8917,0.0303,46896.0,16.68
575,2026-06-08,FC_DEL,S2,3094,2721,27,10,3,1,24,9,0,3136.9,2721,0,296.0,237.6,11.45,0.8674,0.1081,54136.8,19.9
576,2026-06-08,FC_DEL,S3,1955,2073,18,7,2,1,16,6,26,2074.8,2073,0,226.0,184.4,11.24,0.9991,0.12,46503.6,22.43
577,2026-06-08,FC_KOL,S1,1868,1946,18,7,4,1,14,6,14,1952.7,1946,0,214.0,158.0,12.32,0.9966,0.2,35904.0,18.45
578,2026-06-08,FC_KOL,S2,2194,2090,21,7,0,0,21,7,0,2396.5,2090,0,224.0,201.6,10.37,0.8721,0.0,37434.32,17.91
579,2026-06-08,FC_KOL,S3,1223,1262,12,4,0,0,12,4,0,1327.0,1262,0,128.0,115.2,10.95,0.951,0.0,22844.8,18.1
580,2026-06-08,FC_MUM,S1,2283,2576,20,7,0,0,20,7,1,2581.6,2576,0,217.0,195.4,13.18,0.9978,0.0,39199.0,15.22
581,2026-06-08,FC_MUM,S2,3647,3206,32,11,2,1,30,10,0,3597.8,3206,0,344.0,288.0,11.13,0.8911,0.0698,63835.28,19.91
582,2026-06-08,FC_MUM,S3,1801,1668,18,6,2,2,16,4,3,1671.8,1668,0,195.0,147.0,11.35,0.9977,0.1667,38883.9,23.31
583,2026-06-08,FC_HYD,S1,2061,2113,18,6,2,0,16,6,0,2196.3,2113,0,192.0,158.4,13.34,0.9621,0.0833,31968.0,15.13
584,2026-06-08,FC_HYD,S2,2395,2425,21,7,0,0,21,7,4,2467.5,2425,0,228.0,205.6,11.79,0.9828,0.0,39416.04,16.25
585,2026-06-08,FC_HYD,S3,1674,1522,18,6,1,2,17,4,0,1687.4,1522,0,192.0,151.2,10.07,0.902,0.125,35164.8,23.1
586,2026-06-09,FC_BLR,S1,2468,2520,22,8,1,0,21,8,0,2560.7,2520,0,240.0,208.8,12.07,0.9841,0.0333,41504.0,16.47
587,2026-06-09,FC_BLR,S2,3179,3100,27,10,0,1,27,9,0,3467.8,3100,0,296.0,259.2,11.96,0.8939,0.027,52752.48,17.02
588,2026-06-09,FC_BLR,S3,1888,1850,18,7,0,0,18,7,0,2123.3,1850,0,200.0,180.0,10.28,0.8713,0.0,38121.6,20.61
589,2026-06-09,FC_DEL,S1,2860,3150,24,9,2,2,22,7,36,3062.8,3062,88,300.0,244.8,12.51,0.9998,0.1212,56184.0,18.35
590,2026-06-09,FC_DEL,S2,3362,3395,30,10,3,0,27,10,9,3401.2,3395,0,329.0,275.4,12.33,0.9982,0.075,60730.86,17.89
591,2026-06-09,FC_DEL,S3,2138,2065,21,7,2,1,19,6,10,2070.2,2065,0,234.0,190.0,10.87,0.9975,0.1071,46450.8,22.49
592,2026-06-09,FC_KOL,S1,1937,1995,16,6,1,1,15,5,27,1999.5,1995,0,203.0,171.0,11.67,0.9978,0.0909,35028.0,17.56
593,2026-06-09,FC_KOL,S2,2232,2460,20,7,0,2,20,5,28,2460.0,2460,0,244.0,208.0,11.83,1.0,0.0741,42955.12,17.46
594,2026-06-09,FC_KOL,S3,1386,1404,16,5,1,1,15,4,0,1502.9,1404,0,168.0,136.8,10.26,0.9342,0.0952,29928.8,21.32
595,2026-06-09,FC_MUM,S1,2947,2698,25,9,1,0,24,9,0,2906.5,2698,0,272.0,237.6,11.36,0.9283,0.0294,49072.0,18.19
596,2026-06-09,FC_MUM,S2,2678,2619,24,8,0,1,24,7,0,2805.6,2619,0,256.0,223.2,11.73,0.9335,0.0312,47462.4,18.12
597,2026-06-09,FC_MUM,S3,1758,1821,18,6,1,0,17,6,0,1901.6,1821,0,192.0,165.6,11.0,0.9576,0.0417,38016.0,20.88
598,2026-06-09,FC_HYD,S1,2246,2422,19,7,3,1,16,6,36,2381.0,2381,41,244.0,194.4,12.25,1.0,0.1538,43484.0,18.26
599,2026-06-09,FC_HYD,S2,2402,2429,22,8,0,0,22,8,0,2636.4,2429,0,240.0,216.0,11.25,0.9213,0.0,41265.92,16.99
600,2026-06-09,FC_HYD,S3,1699,1634,18,6,0,1,18,5,2,1992.9,1634,0,194.0,167.6,9.75,0.8199,0.0417,35699.4,21.85
601,2026-06-10,FC_BLR,S1,2964,2952,24,9,1,2,23,7,5,2960.5,2952,0,269.0,221.0,13.36,0.9971,0.0909,46946.0,15.9
602,2026-06-10,FC_BLR,S2,2795,2995,24,8,1,1,23,7,34,3004.4,2995,0,290.0,250.0,11.98,0.9969,0.0625,54239.8,18.11
603,2026-06-10,FC_BLR,S3,1855,1843,18,6,1,1,17,5,0,1867.5,1843,0,192.0,158.4,11.64,0.9869,0.0833,36432.0,19.77
604,2026-06-10,FC_DEL,S1,2579,2913,22,8,0,0,22,8,29,2917.5,2913,0,269.0,245.0,11.89,0.9985,0.0,50074.0,17.19
605,2026-06-10,FC_DEL,S2,3449,3602,30,11,1,1,29,10,12,3608.4,3602,0,340.0,292.8,12.3,0.9982,0.0488,63159.6,17.53
606,2026-06-10,FC_DEL,S3,2171,2180,21,8,1,1,20,7,0,2222.4,2180,0,232.0,194.4,11.21,0.9809,0.069,45355.2,20.81
607,2026-06-10,FC_KOL,S1,2068,2004,18,7,0,0,18,7,0,2380.6,2004,0,200.0,180.0,11.13,0.8418,0.0,32600.0,16.27
608,2026-06-10,FC_KOL,S2,2331,2326,23,8,2,0,21,8,0,2447.8,2326,0,248.0,208.8,11.14,0.9502,0.0645,41496.64,17.84
609,2026-06-10,FC_KOL,S3,1572,1476,16,6,2,1,14,5,0,1503.3,1476,0,176.0,136.8,10.79,0.9818,0.1364,31521.6,21.36
610,2026-06-10,FC_MUM,S1,2494,2479,23,8,2,2,21,6,0,2497.0,2479,0,248.0,194.4,12.75,0.9928,0.129,44696.0,18.03
611,2026-06-10,FC_MUM,S2,3082,3008,27,9,1,1,26,8,0,3105.9,3008,0,288.0,244.8,12.29,0.9685,0.0556,53395.2,17.75
612,2026-06-10,FC_MUM,S3,1737,1738,18,6,1,1,17,5,0,1771.2,1738,0,192.0,158.4,10.97,0.9812,0.0833,38016.0,21.87
613,2026-06-10,FC_HYD,S1,2313,2342,20,7,1,0,19,7,0,2510.4,2342,0,216.0,187.2,12.51,0.9329,0.037,36016.0,15.38
614,2026-06-10,FC_HYD,S2,2371,2413,21,7,0,1,21,6,6,2420.0,2413,0,230.0,200.4,12.04,0.9971,0.0357,39916.62,16.54
615,2026-06-10,FC_HYD,S3,1548,1702,15,5,1,1,14,4,36,1684.4,1684,18,196.0,165.6,10.17,0.9997,0.1,38926.8,23.12
616,2026-06-11,FC_BLR,S1,2765,2809,23,8,0,1,23,7,0,3120.3,2809,0,248.0,216.0,13.0,0.9002,0.0323,42832.0,15.25
617,2026-06-11,FC_BLR,S2,3604,3399,33,11,2,1,31,10,0,3951.9,3399,0,352.0,295.2,11.51,0.8601,0.0682,62541.6,18.4
618,2026-06-11,FC_BLR,S3,2129,2202,20,7,1,0,19,7,0,2218.4,2202,0,216.0,187.2,11.76,0.9926,0.037,41043.2,18.64
619,2026-06-11,FC_DEL,S1,3140,3007,27,10,1,1,26,9,0,3095.1,3007,0,296.0,252.0,11.93,0.9715,0.0541,52560.0,17.48
620,2026-06-11,FC_DEL,S2,3409,3412,30,11,2,3,28,8,5,3421.0,3412,0,333.0,264.2,12.91,0.9974,0.122,61299.42,17.97
621,2026-06-11,FC_DEL,S3,2806,2437,27,10,3,0,24,10,0,2723.6,2437,0,296.0,244.8,9.96,0.8948,0.0811,57816.0,23.72
622,2026-06-11,FC_KOL,S1,2288,2113,21,8,1,2,20,6,0,2363.0,2113,0,232.0,187.2,11.29,0.8942,0.1034,37792.0,17.89
623,2026-06-11,FC_KOL,S2,2350,2492,24,8,0,0,24,8,0,2702.3,2492,0,256.0,230.4,10.82,0.9222,0.0,42782.08,17.17
624,2026-06-11,FC_KOL,S3,1553,1607,16,5,3,0,13,5,36,1532.7,1532,75,204.0,165.6,9.25,0.9995,0.1429,39274.4,25.64
625,2026-06-11,FC_MUM,S1,2545,2514,22,8,3,1,19,7,14,2517.0,2514,0,254.0,201.2,12.5,0.9988,0.1333,46994.0,18.69
626,2026-06-11,FC_MUM,S2,3040,3118,28,10,1,0,27,10,0,3422.8,3118,0,304.0,266.4,11.7,0.9109,0.0263,56476.96,18.11
627,2026-06-11,FC_MUM,S3,1853,1972,19,7,0,2,19,5,2,1991.2,1972,0,210.0,174.8,11.28,0.9904,0.0769,41885.8,21.24
628,2026-06-11,FC_HYD,S1,2465,2428,21,7,1,0,20,7,1,2433.3,2428,0,225.0,195.4,12.43,0.9978,0.0357,37539.0,15.46
629,2026-06-11,FC_HYD,S2,2687,2989,25,9,0,1,25,8,4,3110.9,2989,0,276.0,241.6,12.37,0.9608,0.0294,47754.92,15.98
630,2026-06-11,FC_HYD,S3,1365,1576,13,5,0,0,13,5,5,1581.5,1576,0,149.0,134.6,11.71,0.9965,0.0,27824.5,17.66
631,2026-06-12,FC_BLR,S1,3148,3203,27,9,0,0,27,9,0,3492.9,3203,0,288.0,259.2,12.36,0.917,0.0,49680.0,15.51
632,2026-06-12,FC_BLR,S2,3347,3577,30,11,2,0,28,11,11,3577.7,3577,0,339.0,291.8,12.26,0.9998,0.0488,61270.58,17.13
633,2026-06-12,FC_BLR,S3,1926,1864,19,7,2,0,17,7,5,2022.8,1864,0,213.0,177.8,10.48,0.9215,0.0769,40957.4,21.97
634,2026-06-12,FC_DEL,S1,3631,3382,31,11,1,1,30,10,0,3513.1,3382,0,336.0,288.0,11.74,0.9627,0.0476,59584.0,17.62
635,2026-06-12,FC_DEL,S2,3756,4036,33,12,0,0,33,12,2,4038.4,4036,0,362.0,326.0,12.38,0.9994,0.0,66336.12,16.44
636,2026-06-12,FC_DEL,S3,2438,2406,24,8,1,0,23,8,0,2464.1,2406,0,256.0,223.2,10.78,0.9764,0.0312,49843.2,20.72
637,2026-06-12,FC_KOL,S1,2756,2401,24,8,0,0,24,8,0,2914.2,2401,0,256.0,230.4,10.42,0.8239,0.0,41536.0,17.3
638,2026-06-12,FC_KOL,S2,2383,2654,22,8,2,1,20,7,32,2654.0,2654,0,272.0,226.4,11.72,1.0,0.1,47989.76,18.08
639,2026-06-12,FC_KOL,S3,1660,1707,17,6,0,0,17,6,0,1768.8,1707,0,184.0,165.6,10.31,0.9651,0.0,32894.4,19.27
640,2026-06-12,FC_MUM,S1,3051,2931,27,10,3,1,24,9,0,3004.5,2931,0,296.0,237.6,12.34,0.9755,0.1081,53448.0,18.24
641,2026-06-12,FC_MUM,S2,3283,3326,29,10,0,1,29,9,15,3328.1,3326,0,327.0,288.6,11.52,0.9994,0.0256,61965.83,18.63
642,2026-06-12,FC_MUM,S3,1984,2169,19,7,0,1,19,6,25,2170.1,2169,0,233.0,205.0,10.58,0.9995,0.0385,48539.7,22.38
643,2026-06-12,FC_HYD,S1,2640,2396,23,8,0,0,23,8,0,3166.2,2396,0,248.0,223.2,10.73,0.7567,0.0,41344.0,17.26
644,2026-06-12,FC_HYD,S2,2726,2857,25,9,2,2,23,7,12,2858.5,2857,0,284.0,228.0,12.53,0.9995,0.1176,49757.24,17.42
645,2026-06-12,FC_HYD,S3,2038,1804,20,7,1,1,19,6,0,2022.7,1804,0,216.0,180.0,10.02,0.8919,0.0741,39617.6,21.96
646,2026-06-13,FC_BLR,S1,3652,3474,30,10,2,0,28,10,0,3593.5,3474,0,320.0,273.6,12.7,0.9667,0.05,55200.0,15.89
647,2026-06-13,FC_BLR,S2,3697,3920,33,11,1,0,32,11,9,3925.9,3920,0,361.0,318.6,12.3,0.9985,0.0227,64859.1,16.55
648,2026-06-13,FC_BLR,S3,2717,2531,27,9,0,0,27,9,0,2967.3,2531,0,288.0,259.2,9.76,0.853,0.0,54648.0,21.59
649,2026-06-13,FC_DEL,S1,3567,3525,32,11,0,0,32,11,0,3926.1,3525,0,344.0,309.6,11.39,0.8978,0.0,60944.0,17.29
650,2026-06-13,FC_DEL,S2,3525,3634,33,11,0,1,33,10,0,3838.0,3634,0,352.0,309.6,11.74,0.9468,0.0227,64173.12,17.66
651,2026-06-13,FC_DEL,S3,2542,2555,24,8,2,0,22,8,16,2556.6,2555,0,272.0,232.0,11.01,0.9994,0.0625,54384.0,21.29
652,2026-06-13,FC_KOL,S1,2372,2400,23,8,0,0,23,8,6,2757.7,2400,0,254.0,229.2,10.47,0.8703,0.0,41704.0,17.38
653,2026-06-13,FC_KOL,S2,2836,2853,27,9,3,2,24,7,28,2855.9,2853,0,316.0,251.2,11.36,0.999,0.1389,54936.08,19.26
654,2026-06-13,FC_KOL,S3,1897,1823,19,7,2,0,17,7,4,1830.4,1823,0,212.0,176.8,10.31,0.9959,0.0769,38271.2,20.99
655,2026-06-13,FC_MUM,S1,3279,3390,29,10,2,0,27,10,22,3397.1,3390,0,334.0,288.4,11.75,0.9979,0.0513,62002.0,18.29
656,2026-06-13,FC_MUM,S2,3126,3784,29,10,1,1,28,9,36,3603.3,3603,181,348.0,302.4,11.91,0.9999,0.0513,67654.52,18.78
657,2026-06-13,FC_MUM,S3,2175,2358,22,8,2,0,20,8,3,2365.3,2358,0,243.0,204.6,11.52,0.9969,0.0667,48511.1,20.57
658,2026-06-13,FC_HYD,S1,3039,2830,27,10,1,1,26,9,0,3188.4,2830,0,296.0,252.0,11.23,0.8876,0.0541,49440.0,17.47
659,2026-06-13,FC_HYD,S2,2892,3118,24,9,0,1,24,8,19,3127.2,3118,0,283.0,249.4,12.5,0.9971,0.0303,50190.87,16.1
660,2026-06-13,FC_HYD,S3,2408,2083,24,9,2,0,22,9,0,2618.4,2083,0,264.0,223.2,9.33,0.7955,0.0606,48523.2,23.29
661,2026-06-14,FC_BLR,S1,2900,2931,24,8,0,1,24,7,0,2987.9,2931,0,256.0,223.2,13.13,0.981,0.0312,44160.0,15.07
662,2026-06-14,FC_BLR,S2,3166,3079,27,9,0,2,27,7,14,3084.3,3079,0,302.0,258.8,11.9,0.9983,0.0556,54775.4,17.79
663,2026-06-14,FC_BLR,S3,2091,2012,21,8,1,0,20,8,0,2363.0,2012,0,232.0,201.6,9.98,0.8515,0.0345,44193.6,21.97
664,2026-06-14,FC_DEL,S1,3494,3390,30,11,1,1,29,10,0,3572.7,3390,0,328.0,280.8,12.07,0.9489,0.0488,58224.0,17.18
665,2026-06-14,FC_DEL,S2,3093,3706,28,10,3,3,25,7,36,3247.1,3247,459,340.0,266.4,12.19,1.0,0.1579,65104.24,20.05
666,2026-06-14,FC_DEL,S3,1947,2087,20,7,3,0,17,7,10,2096.0,2087,0,226.0,182.8,11.42,0.9957,0.1111,44954.8,21.54
667,2026-06-14,FC_KOL,S1,2237,2171,19,7,1,1,18,6,0,2228.4,2171,0,208.0,172.8,12.56,0.9743,0.0769,33848.0,15.59
668,2026-06-14,FC_KOL,S2,2355,2615,21,8,1,0,20,8,33,2620.5,2615,0,265.0,234.6,11.15,0.9979,0.0345,46947.4,17.95
669,2026-06-14,FC_KOL,S3,1580,1716,17,6,2,0,15,6,5,1716.0,1716,0,189.0,156.2,10.99,1.0,0.087,34192.4,19.93
670,2026-06-14,FC_MUM,S1,2701,2991,25,9,1,2,24,7,18,2996.8,2991,0,290.0,241.2,12.4,0.9981,0.0882,53806.0,17.99
671,2026-06-14,FC_MUM,S2,3629,3356,33,12,2,0,31,12,0,3941.2,3356,0,360.0,309.6,10.84,0.8515,0.0444,66917.04,19.94
672,2026-06-14,FC_MUM,S3,2098,2088,21,7,1,0,20,7,6,2333.2,2088,0,230.0,200.4,10.42,0.8949,0.0357,46087.8,22.07
673,2026-06-14,FC_HYD,S1,1989,2057,17,6,0,0,17,6,0,2158.7,2057,0,184.0,165.6,12.42,0.9529,0.0,30688.0,14.92
674,2026-06-14,FC_HYD,S2,2764,2808,25,9,1,0,24,9,0,3067.8,2808,0,272.0,237.6,11.82,0.9153,0.0294,46753.76,16.65
675,2026-06-14,FC_HYD,S3,1527,1604,15,5,2,0,13,5,9,1608.7,1604,0,169.0,138.6,11.57,0.9971,0.1,31709.7,19.77
676,2026-06-15,FC_BLR,S1,2985,2930,25,9,1,1,24,8,0,3049.7,2930,0,272.0,230.4,12.72,0.9608,0.0588,47024.0,16.05
677,2026-06-15,FC_BLR,S2,3044,2890,27,9,2,3,25,6,0,3063.4,2890,0,288.0,223.2,12.95,0.9434,0.1389,51170.4,17.71
678,2026-06-15,FC_BLR,S3,2050,2120,20,7,1,0,19,7,2,2121.9,2120,0,218.0,189.2,11.21,0.9991,0.037,41593.2,19.62
679,2026-06-15,FC_DEL,S1,2873,2976,24,9,0,0,24,9,4,2981.7,2976,0,268.0,241.6,12.32,0.9981,0.0,47928.0,16.1
680,2026-06-15,FC_DEL,S2,3331,3433,30,10,1,0,29,10,17,3434.8,3433,0,337.0,297.8,11.53,0.9995,0.025,62856.78,18.31
681,2026-06-15,FC_DEL,S3,2069,1975,21,7,2,1,19,6,2,2179.3,1975,0,226.0,182.0,10.85,0.9063,0.1071,44180.4,22.37
682,2026-06-15,FC_KOL,S1,2355,2153,21,7,0,2,21,5,2,2364.7,2153,0,226.0,189.2,11.38,0.9105,0.0714,36816.0,17.1
683,2026-06-15,FC_KOL,S2,2456,2419,23,8,0,1,23,7,0,2595.2,2419,0,248.0,216.0,11.2,0.9321,0.0323,41496.64,17.15
684,2026-06-15,FC_KOL,S3,1858,1578,18,7,0,0,18,7,0,2028.9,1578,0,200.0,180.0,8.77,0.7778,0.0,35860.0,22.72
685,2026-06-15,FC_MUM,S1,2814,2853,25,9,3,0,22,9,0,2985.2,2853,0,272.0,223.2,12.78,0.9557,0.0882,49072.0,17.2
686,2026-06-15,FC_MUM,S2,3314,3185,30,10,0,0,30,10,0,3719.9,3185,0,320.0,288.0,11.06,0.8562,0.0,59328.0,18.63
687,2026-06-15,FC_MUM,S3,1895,1977,18,7,0,0,18,7,0,1996.1,1977,0,200.0,180.0,10.98,0.9905,0.0,39784.8,20.12
688,2026-06-15,FC_HYD,S1,2538,2706,22,8,5,1,17,7,36,2455.7,2455,251,276.0,208.8,11.76,0.9997,0.2,48812.0,19.88
689,2026-06-15,FC_HYD,S2,2288,2409,20,7,1,0,19,7,0,2555.7,2409,0,216.0,187.2,12.87,0.9426,0.037,37096.48,15.4
690,2026-06-15,FC_HYD,S3,1769,1712,18,7,1,0,17,7,0,2092.6,1712,0,200.0,172.8,9.91,0.8181,0.04,36801.6,21.5
691,2026-06-16,FC_BLR,S1,2778,2940,24,8,3,3,21,5,31,2948.9,2940,0,287.0,218.2,13.47,0.997,0.1875,51910.0,17.66
692,2026-06-16,FC_BLR,S2,2941,2982,26,9,1,0,25,9,0,3009.9,2982,0,280.0,244.8,12.18,0.9907,0.0286,49802.56,16.7
693,2026-06-16,FC_BLR,S3,2085,2144,20,7,1,0,19,7,0,2172.6,2144,0,216.0,187.2,11.45,0.9868,0.037,41043.2,19.14
694,2026-06-16,FC_DEL,S1,3532,3295,31,11,2,0,29,11,0,3683.2,3295,0,336.0,288.0,11.44,0.8946,0.0476,59584.0,18.08
695,2026-06-16,FC_DEL,S2,4016,3720,35,12,0,2,35,10,0,4023.2,3720,0,376.0,324.0,11.48,0.9246,0.0426,68606.24,18.44
696,2026-06-16,FC_DEL,S3,2295,2221,24,8,0,1,24,7,0,2585.3,2221,0,256.0,223.2,9.95,0.8591,0.0312,49843.2,22.44
697,2026-06-16,FC_KOL,S1,1929,1953,18,6,2,1,16,5,4,1962.4,1953,0,196.0,155.2,12.58,0.9952,0.125,32096.0,16.43
698,2026-06-16,FC_KOL,S2,2486,2388,24,8,0,0,24,8,0,2876.7,2388,0,256.0,230.4,10.36,0.8301,0.0,42782.08,17.92
699,2026-06-16,FC_KOL,S3,1446,1552,16,5,0,0,16,5,0,1720.4,1552,0,168.0,151.2,10.26,0.9021,0.0,29928.8,19.28
700,2026-06-16,FC_MUM,S1,2586,2771,22,8,0,0,22,8,7,2772.0,2771,0,247.0,223.0,12.43,0.9997,0.0,45153.0,16.29
701,2026-06-16,FC_MUM,S2,3189,3227,30,11,2,0,28,11,0,3581.5,3227,0,328.0,280.8,11.49,0.901,0.0488,60984.24,18.9
702,2026-06-16,FC_MUM,S3,2009,2045,21,8,2,1,19,7,13,2050.8,2045,0,245.0,200.2,10.21,0.9972,0.1034,49881.7,24.39
703,2026-06-16,FC_HYD,S1,2394,2611,20,7,0,0,20,7,22,2613.8,2611,0,238.0,216.4,12.07,0.9989,0.0,41362.0,15.84
704,2026-06-16,FC_HYD,S2,2301,2656,20,7,1,0,19,7,26,2661.4,2656,0,242.0,213.2,12.46,0.998,0.037,43604.02,16.42
705,2026-06-16,FC_HYD,S3,1564,1612,16,6,0,0,16,6,0,1782.7,1612,0,176.0,158.4,10.18,0.9043,0.0,32348.8,20.07
706,2026-06-17,FC_BLR,S1,2931,2839,25,9,3,0,22,9,0,3012.7,2839,0,272.0,223.2,12.72,0.9423,0.0882,47024.0,16.56
707,2026-06-17,FC_BLR,S2,3125,3215,28,10,3,1,25,9,18,3215.9,3215,0,322.0,262.8,12.23,0.9997,0.1053,58755.32,18.28
708,2026-06-17,FC_BLR,S3,1898,1946,18,6,2,1,16,5,20,1952.9,1946,0,212.0,171.2,11.37,0.9965,0.125,41932.0,21.55
709,2026-06-17,FC_DEL,S1,2743,2745,25,9,0,0,25,9,0,3240.3,2745,0,272.0,244.8,11.21,0.8471,0.0,48256.0,17.58
710,2026-06-17,FC_DEL,S2,3475,3331,33,11,0,0,33,11,0,3953.9,3331,0,352.0,316.8,10.51,0.8425,0.0,64173.12,19.27
711,2026-06-17,FC_DEL,S3,2517,2410,24,9,2,0,22,9,0,2590.3,2410,0,264.0,223.2,10.8,0.9304,0.0606,51585.6,21.4
712,2026-06-17,FC_KOL,S1,1699,1997,16,6,0,1,16,5,26,2002.8,1997,0,202.0,177.2,11.27,0.9971,0.0455,34792.0,17.42
713,2026-06-17,FC_KOL,S2,2618,2430,24,9,1,1,23,8,0,2562.4,2430,0,264.0,223.2,10.89,0.9483,0.0606,44273.52,18.22
714,2026-06-17,FC_KOL,S3,1465,1619,15,5,0,1,15,4,15,1624.1,1619,0,175.0,151.8,10.67,0.9969,0.05,32450.0,20.04
715,2026-06-17,FC_MUM,S1,2725,2667,25,9,3,1,22,8,0,2774.2,2667,0,272.0,216.0,12.35,0.9614,0.1176,49072.0,18.4
716,2026-06-17,FC_MUM,S2,3103,2869,27,10,0,1,27,9,0,3370.0,2869,0,296.0,259.2,11.07,0.8513,0.027,55051.44,19.19
717,2026-06-17,FC_MUM,S3,2199,2020,22,8,2,2,20,6,4,2026.9,2020,0,244.0,191.2,10.56,0.9966,0.1333,48800.4,24.16
718,2026-06-17,FC_HYD,S1,2440,2381,21,7,3,1,18,6,10,2386.1,2381,0,234.0,182.8,13.03,0.9979,0.1429,39726.0,16.68
719,2026-06-17,FC_HYD,S2,2787,2570,25,9,1,0,24,9,0,3036.8,2570,0,272.0,237.6,10.82,0.8463,0.0294,46753.76,18.19
720,2026-06-17,FC_HYD,S3,1676,1672,16,6,0,1,16,5,0,1775.3,1672,0,176.0,151.2,11.06,0.9418,0.0455,32348.8,19.35
721,2026-06-18,FC_BLR,S1,2714,2555,24,8,4,1,20,7,1,2563.8,2555,0,257.0,195.4,13.08,0.9966,0.1562,44410.0,17.38
722,2026-06-18,FC_BLR,S2,3397,3347,30,10,1,0,29,10,0,3470.3,3347,0,320.0,280.8,11.92,0.9645,0.025,56856.0,16.99
723,2026-06-18,FC_BLR,S3,2149,2107,20,7,1,0,19,7,0,2149.0,2107,0,216.0,187.2,11.26,0.9804,0.037,41043.2,19.48
724,2026-06-18,FC_DEL,S1,2859,3128,26,9,0,1,26,8,0,3321.2,3128,0,280.0,244.8,12.78,0.9418,0.0286,49616.0,15.86
725,2026-06-18,FC_DEL,S2,3752,3837,33,12,1,2,32,10,36,3698.1,3698,139,396.0,338.4,10.93,1.0,0.0667,75371.28,20.38
726,2026-06-18,FC_DEL,S3,1906,2129,18,7,2,1,16,6,36,2084.1,2084,45,236.0,194.4,10.72,1.0,0.12,49341.6,23.68
727,2026-06-18,FC_KOL,S1,2397,2233,21,7,0,1,21,6,0,2475.4,2233,0,224.0,194.4,11.49,0.9021,0.0357,36344.0,16.28
728,2026-06-18,FC_KOL,S2,2384,2415,23,8,2,1,21,7,11,2420.0,2415,0,259.0,212.6,11.36,0.9979,0.0968,44170.52,18.29
729,2026-06-18,FC_KOL,S3,1671,1514,18,6,1,1,17,5,0,1676.5,1514,0,192.0,158.4,9.56,0.9031,0.0833,34267.2,22.63
730,2026-06-18,FC_MUM,S1,2449,2652,21,7,3,0,18,7,36,2490.6,2490,162,260.0,216.0,11.53,0.9997,0.1071,49788.0,20.0
731,2026-06-18,FC_MUM,S2,3264,3299,30,11,1,0,29,11,0,3639.7,3299,0,328.0,288.0,11.45,0.9064,0.0244,60984.24,18.49
732,2026-06-18,FC_MUM,S3,2114,2005,21,8,2,1,19,7,0,2030.8,2005,0,232.0,187.2,10.71,0.9873,0.1034,46120.8,23.0
733,2026-06-18,FC_HYD,S1,2387,2296,20,7,1,0,19,7,0,2521.7,2296,0,216.0,187.2,12.26,0.9105,0.037,36016.0,15.69
734,2026-06-18,FC_HYD,S2,2805,2514,26,9,0,2,26,7,0,3026.3,2514,0,280.0,237.6,10.58,0.8307,0.0571,48072.16,19.12
735,2026-06-18,FC_HYD,S3,1787,1703,18,6,2,0,16,6,0,1927.7,1703,0,192.0,158.4,10.75,0.8835,0.0833,35164.8,20.65
736,2026-06-19,FC_BLR,S1,2714,3215,23,8,1,2,22,6,36,3071.8,3071,144,284.0,237.6,12.93,0.9997,0.0968,51832.0,16.88
737,2026-06-19,FC_BLR,S2,3189,3604,27,10,3,2,24,8,36,3332.3,3332,272,332.0,266.4,12.51,0.9999,0.1351,62022.48,18.61
738,2026-06-19,FC_BLR,S3,1924,2188,18,7,1,0,17,7,9,2191.7,2188,0,209.0,181.8,12.04,0.9983,0.04,40596.6,18.55
739,2026-06-19,FC_DEL,S1,3014,3205,26,9,0,0,26,9,0,3208.1,3205,0,280.0,252.0,12.72,0.999,0.0,49616.0,15.48
740,2026-06-19,FC_DEL,S2,3896,3653,36,12,1,2,35,10,0,3930.9,3653,0,384.0,324.0,11.27,0.9293,0.0625,70007.04,19.16
741,2026-06-19,FC_DEL,S3,2410,2471,24,8,1,1,23,7,5,2479.6,2471,0,261.0,221.0,11.18,0.9965,0.0625,51262.2,20.75
742,2026-06-19,FC_KOL,S1,2368,2387,21,8,0,1,21,7,0,2520.3,2387,0,232.0,201.6,11.84,0.9471,0.0345,37792.0,15.83
743,2026-06-19,FC_KOL,S2,2365,2476,23,8,1,1,22,7,0,2577.0,2476,0,248.0,208.8,11.86,0.9608,0.0645,41496.64,16.76
744,2026-06-19,FC_KOL,S3,1582,1436,16,5,3,0,13,5,0,1479.3,1436,0,168.0,129.6,11.08,0.9708,0.1429,29928.8,20.84
745,2026-06-19,FC_MUM,S1,3272,2868,29,10,1,0,28,10,0,3349.7,2868,0,312.0,273.6,10.48,0.8562,0.0256,56216.0,19.6
746,2026-06-19,FC_MUM,S2,3499,3833,30,11,3,1,27,10,36,3681.7,3681,152,364.0,302.4,12.17,0.9998,0.0976,70736.28,19.22
747,2026-06-19,FC_MUM,S3,2227,2203,22,8,2,2,20,6,9,2206.7,2203,0,249.0,196.2,11.23,0.9983,0.1333,50246.9,22.81
748,2026-06-19,FC_HYD,S1,2289,2233,20,7,1,0,19,7,2,2491.7,2233,0,218.0,189.2,11.8,0.8962,0.037,36502.0,16.35
749,2026-06-19,FC_HYD,S2,2923,2756,26,9,2,1,24,8,0,2801.3,2756,0,280.0,230.4,11.96,0.9838,0.0857,48072.16,17.44
750,2026-06-19,FC_HYD,S3,2028,1944,20,7,0,1,20,6,0,2214.8,1944,0,216.0,187.2,10.38,0.8777,0.037,39617.6,20.38
751,2026-06-20,FC_BLR,S1,3525,3340,30,11,2,1,28,10,0,3541.9,3340,0,328.0,273.6,12.21,0.943,0.0732,56736.0,16.99
752,2026-06-20,FC_BLR,S2,3506,3848,31,11,1,0,30,11,36,3833.7,3833,15,372.0,331.2,11.57,0.9998,0.0238,69075.92,18.02
753,2026-06-20,FC_BLR,S3,2188,2308,21,8,2,1,19,7,5,2316.0,2308,0,237.0,192.2,12.01,0.9966,0.1034,45568.6,19.74
754,2026-06-20,FC_DEL,S1,3678,3576,33,11,2,0,31,11,0,4056.9,3576,0,352.0,302.4,11.83,0.8815,0.0455,62304.0,17.42
755,2026-06-20,FC_DEL,S2,3966,3964,36,12,0,2,36,10,0,4088.4,3964,0,384.0,331.2,11.97,0.9696,0.0417,70007.04,17.66
756,2026-06-20,FC_DEL,S3,2481,2513,24,8,1,0,23,8,9,2514.9,2513,0,265.0,232.2,10.82,0.9993,0.0312,52397.4,20.85
757,2026-06-20,FC_KOL,S1,2679,2646,23,8,0,0,23,8,0,2759.2,2646,0,248.0,223.2,11.85,0.959,0.0,40288.0,15.23
758,2026-06-20,FC_KOL,S2,2781,2959,27,9,2,2,25,7,16,2966.2,2959,0,304.0,246.4,12.01,0.9976,0.1111,52019.12,17.58
759,2026-06-20,FC_KOL,S3,1696,1834,17,6,1,1,16,5,30,1839.3,1834,0,214.0,181.2,10.12,0.9971,0.087,40682.4,22.18
760,2026-06-20,FC_MUM,S1,3375,3120,28,10,1,0,27,10,0,3423.3,3120,0,304.0,266.4,11.71,0.9114,0.0263,54832.0,17.57
761,2026-06-20,FC_MUM,S2,4057,3730,37,13,3,1,34,12,0,3937.1,3730,0,400.0,331.2,11.26,0.9474,0.08,74275.36,19.91
762,2026-06-20,FC_MUM,S3,2293,2265,23,8,1,0,22,8,6,2507.1,2265,0,254.0,222.0,10.2,0.9034,0.0323,50901.4,22.47
763,2026-06-20,FC_HYD,S1,3327,2947,29,10,3,0,26,10,0,3372.3,2947,0,312.0,259.2,11.37,0.8739,0.0769,52000.0,17.65
764,2026-06-20,FC_HYD,S2,3020,3237,27,9,2,2,25,7,36,3040.5,3040,197,324.0,266.4,11.41,0.9998,0.1111,58401.0,19.21
765,2026-06-20,FC_HYD,S3,1775,1936,16,6,1,0,15,6,21,1938.2,1936,0,197.0,172.2,11.24,0.9989,0.0455,37962.1,19.61
766,2026-06-21,FC_BLR,S1,2846,2864,24,8,2,1,22,7,0,2884.5,2864,0,256.0,208.8,13.72,0.9929,0.0938,44160.0,15.42
767,2026-06-21,FC_BLR,S2,3530,3327,30,10,1,0,29,10,0,3745.0,3327,0,320.0,280.8,11.85,0.8884,0.025,56856.0,17.09
768,2026-06-21,FC_BLR,S3,2218,2087,21,8,0,1,21,7,0,2339.1,2087,0,232.0,201.6,10.35,0.8922,0.0345,44193.6,21.18
769,2026-06-21,FC_DEL,S1,3435,3383,29,10,1,2,28,8,5,3392.4,3383,0,317.0,264.2,12.8,0.9972,0.0769,56570.0,16.72
770,2026-06-21,FC_DEL,S2,4067,3852,37,13,3,0,34,13,0,4098.0,3852,0,400.0,338.4,11.38,0.94,0.06,73039.36,18.96
771,2026-06-21,FC_DEL,S3,2256,2401,23,8,1,1,22,7,2,2510.8,2401,0,250.0,210.8,11.39,0.9563,0.0645,48914.8,20.37
772,2026-06-21,FC_KOL,S1,2266,2237,20,7,1,0,19,7,3,2246.2,2237,0,219.0,190.2,11.76,0.9959,0.037,35804.0,16.01
773,2026-06-21,FC_KOL,S2,2659,2593,25,9,3,2,22,7,9,2598.4,2593,0,281.0,217.8,11.91,0.9979,0.1471,47746.68,18.41
774,2026-06-21,FC_KOL,S3,1594,1668,16,5,1,1,15,4,19,1670.9,1668,0,187.0,155.8,10.71,0.9983,0.0952,34861.2,20.9
775,2026-06-21,FC_MUM,S1,3011,2889,25,9,3,0,22,9,16,2890.6,2889,0,288.0,239.2,12.08,0.9994,0.0882,53280.0,18.44
776,2026-06-21,FC_MUM,S2,2899,3248,25,9,0,1,25,8,36,3139.2,3139,109,308.0,273.6,11.47,0.9999,0.0294,60296.2,19.21
777,2026-06-21,FC_MUM,S3,2082,2127,21,8,0,0,21,8,0,2263.9,2127,0,232.0,208.8,10.19,0.9395,0.0,46120.8,21.68
778,2026-06-21,FC_HYD,S1,2499,2470,22,8,2,0,20,8,6,2819.0,2470,0,246.0,207.6,11.9,0.8762,0.0667,41522.0,16.81
779,2026-06-21,FC_HYD,S2,2647,2774,24,9,2,1,22,8,8,2782.7,2774,0,272.0,224.0,12.38,0.9969,0.0909,47437.68,17.1
780,2026-06-21,FC_HYD,S3,2000,2012,21,7,2,0,19,7,2,2015.4,2012,0,226.0,189.2,10.63,0.9983,0.0714,41560.2,20.66
781,2026-06-22,FC_BLR,S1,2415,2599,21,7,0,0,21,7,2,2798.8,2599,0,226.0,203.6,12.77,0.9286,0.0,39140.0,15.06
782,2026-06-22,FC_BLR,S2,3226,3088,29,10,1,0,28,10,0,3572.4,3088,0,312.0,273.6,11.29,0.8644,0.0256,55488.16,17.97
783,2026-06-22,FC_BLR,S3,2086,1919,19,7,0,0,19,7,0,2310.3,1919,0,208.0,187.2,10.25,0.8306,0.0,39582.4,20.63
784,2026-06-22,FC_DEL,S1,2816,2860,24,9,1,0,23,9,2,2868.0,2860,0,266.0,232.4,12.31,0.9972,0.0303,47412.0,16.58
785,2026-06-22,FC_DEL,S2,3709,3262,33,12,1,2,32,10,0,3916.9,3262,0,360.0,302.4,10.79,0.8328,0.0667,65804.64,20.17
786,2026-06-22,FC_DEL,S3,2095,1973,21,8,1,1,20,7,0,2257.9,1973,0,232.0,194.4,10.15,0.8738,0.069,45355.2,22.99
787,2026-06-22,FC_KOL,S1,2027,2030,18,7,0,0,18,7,0,2236.6,2030,0,200.0,180.0,11.28,0.9076,0.0,32600.0,16.06
788,2026-06-22,FC_KOL,S2,2012,2048,18,7,0,2,18,5,16,2056.2,2048,0,216.0,181.6,11.28,0.996,0.08,37467.28,18.29
789,2026-06-22,FC_KOL,S3,1570,1471,16,6,2,0,14,6,0,1549.0,1471,0,176.0,144.0,10.22,0.9496,0.0909,31521.6,21.43
790,2026-06-22,FC_MUM,S1,2372,2558,22,8,1,1,21,7,0,2667.8,2558,0,240.0,201.6,12.69,0.9589,0.0667,43312.0,16.93
791,2026-06-22,FC_MUM,S2,2737,2661,24,8,2,3,22,5,28,2669.5,2661,0,284.0,222.4,11.96,0.9968,0.1562,55047.32,20.69
792,2026-06-22,FC_MUM,S3,1491,1813,14,5,0,1,14,4,31,1818.3,1813,0,183.0,160.6,11.29,0.9971,0.0526,39125.9,21.58
793,2026-06-22,FC_HYD,S1,1927,2287,16,5,0,2,16,3,36,2191.1,2191,96,204.0,172.8,12.68,0.9999,0.0952,36668.0,16.74
794,2026-06-22,FC_HYD,S2,2712,2424,24,9,1,1,23,8,0,2704.5,2424,0,264.0,223.2,10.86,0.8963,0.0606,45435.36,18.74
795,2026-06-22,FC_HYD,S3,1794,1700,18,6,1,1,17,5,0,1791.4,1700,0,192.0,158.4,10.73,0.949,0.0833,35164.8,20.69
796,2026-06-23,FC_BLR,S1,2993,3032,27,9,1,0,26,9,0,3226.2,3032,0,288.0,252.0,12.03,0.9398,0.0278,49680.0,16.39
797,2026-06-23,FC_BLR,S2,3201,3131,27,9,1,1,26,8,15,3136.2,3131,0,303.0,259.8,12.05,0.9984,0.0556,55032.9,17.58
798,2026-06-23,FC_BLR,S3,1942,1770,18,7,0,1,18,6,0,1969.4,1770,0,200.0,172.8,10.24,0.8988,0.04,38121.6,21.54
799,2026-06-23,FC_DEL,S1,3207,2811,27,10,1,1,26,9,0,3350.1,2811,0,296.0,252.0,11.15,0.8391,0.0541,52560.0,18.7
800,2026-06-23,FC_DEL,S2,2935,3136,27,9,1,1,26,8,24,3139.8,3136,0,312.0,268.8,11.67,0.9988,0.0556,58883.04,18.78
801,2026-06-23,FC_DEL,S3,1891,1985,20,7,0,2,20,5,0,2080.0,1985,0,216.0,180.0,11.03,0.9543,0.0741,42116.8,21.22
802,2026-06-23,FC_KOL,S1,2176,1991,18,7,2,1,16,6,9,1995.9,1991,0,209.0,167.4,11.89,0.9975,0.12,34724.0,17.44
803,2026-06-23,FC_KOL,S2,2479,2439,23,8,1,1,22,7,0,2575.5,2439,0,248.0,208.8,11.68,0.947,0.0645,41496.64,17.01
804,2026-06-23,FC_KOL,S3,1361,1503,16,5,0,1,16,4,0,1616.4,1503,0,168.0,144.0,10.44,0.9298,0.0476,29928.8,19.91
805,2026-06-23,FC_MUM,S1,2446,2453,21,8,0,1,21,7,2,2564.2,2453,0,234.0,203.6,12.05,0.9566,0.0345,42454.0,17.31
806,2026-06-23,FC_MUM,S2,2846,2881,27,10,0,0,27,10,0,3461.1,2881,0,296.0,266.4,10.81,0.8324,0.0,55051.44,19.11
807,2026-06-23,FC_MUM,S3,1955,1827,18,7,0,0,18,7,0,2164.3,1827,0,200.0,180.0,10.15,0.8441,0.0,39784.8,21.78
808,2026-06-23,FC_HYD,S1,2097,1988,18,6,3,0,15,6,0,2033.5,1988,0,192.0,151.2,13.15,0.9776,0.125,31968.0,16.08
809,2026-06-23,FC_HYD,S2,2430,2502,21,7,0,1,21,6,9,2510.0,2502,0,233.0,203.4,12.3,0.9968,0.0357,40667.49,16.25
810,2026-06-23,FC_HYD,S3,1690,1568,16,6,1,1,15,5,0,1674.3,1568,0,176.0,144.0,10.89,0.9365,0.0909,32348.8,20.63
811,2026-06-24,FC_BLR,S1,3114,3027,25,9,2,0,23,9,0,3090.2,3027,0,272.0,230.4,13.14,0.9795,0.0588,47024.0,15.53
812,2026-06-24,FC_BLR,S2,3184,3129,27,10,1,2,26,8,16,3130.4,3129,0,312.0,260.8,12.0,0.9996,0.0811,56872.48,18.18
813,2026-06-24,FC_BLR,S3,2097,1980,21,8,0,0,21,8,0,2627.9,1980,0,232.0,208.8,9.48,0.7535,0.0,44193.6,22.32
814,2026-06-24,FC_DEL,S1,3135,3172,27,9,2,0,25,9,9,3178.3,3172,0,297.0,253.8,12.5,0.998,0.0556,53298.0,16.8
815,2026-06-24,FC_DEL,S2,3412,3474,30,11,1,3,29,8,24,3479.2,3474,0,352.0,290.4,11.96,0.9985,0.0976,66348.48,19.1
816,2026-06-24,FC_DEL,S3,2149,2095,21,7,0,1,21,6,0,2215.4,2095,0,224.0,194.4,10.78,0.9456,0.0357,43612.8,20.82
817,2026-06-24,FC_KOL,S1,2221,2193,21,7,3,0,18,7,0,2252.3,2193,0,224.0,180.0,12.18,0.9737,0.1071,36344.0,16.57
818,2026-06-24,FC_KOL,S2,2593,2270,24,9,0,0,24,9,0,2677.5,2270,0,264.0,237.6,9.55,0.8478,0.0,44273.52,19.5
819,2026-06-24,FC_KOL,S3,1381,1566,13,5,1,1,12,4,36,1463.5,1463,103,180.0,151.2,9.68,0.9997,0.1111,35156.0,24.03
820,2026-06-24,FC_MUM,S1,2772,2470,23,8,1,2,22,6,10,2475.8,2470,0,258.0,211.6,11.67,0.9976,0.0968,47326.0,19.16
821,2026-06-24,FC_MUM,S2,3059,3216,27,10,2,0,25,10,12,3217.5,3216,0,308.0,264.0,12.18,0.9995,0.0541,58302.12,18.13
822,2026-06-24,FC_MUM,S3,2013,2177,21,7,1,0,20,7,0,2411.8,2177,0,224.0,194.4,11.2,0.9026,0.0357,44352.0,20.37
823,2026-06-24,FC_HYD,S1,2090,2310,17,6,0,2,17,4,36,2226.3,2226,84,220.0,187.2,11.89,0.9999,0.087,39436.0,17.72
824,2026-06-24,FC_HYD,S2,2612,2696,23,8,2,0,21,8,10,2701.8,2696,0,258.0,218.8,12.32,0.9979,0.0645,45087.22,16.72
825,2026-06-24,FC_HYD,S3,1636,1724,17,6,0,1,17,5,0,1902.2,1724,0,184.0,158.4,10.88,0.9063,0.0435,33756.8,19.58
826,2026-06-25,FC_BLR,S1,3181,2972,27,10,1,1,26,9,0,3557.6,2972,0,296.0,252.0,11.79,0.8354,0.0541,51216.0,17.23
827,2026-06-25,FC_BLR,S2,3955,3697,34,12,2,1,32,11,0,4208.8,3697,0,368.0,309.6,11.94,0.8784,0.0652,65491.52,17.71
828,2026-06-25,FC_BLR,S3,2417,2375,22,8,1,0,21,8,0,2593.3,2375,0,240.0,208.8,11.37,0.9158,0.0333,45654.4,19.22
829,2026-06-25,FC_DEL,S1,3061,3372,25,9,0,1,25,8,22,3378.2,3372,0,294.0,259.6,12.99,0.9982,0.0294,53932.0,15.99
830,2026-06-25,FC_DEL,S2,4321,4059,38,13,1,0,37,13,0,4184.9,4059,0,408.0,360.0,11.28,0.9699,0.0196,74440.16,18.34
831,2026-06-25,FC_DEL,S3,2543,2349,26,9,1,1,25,8,3,2755.9,2349,0,283.0,240.6,9.76,0.8523,0.0571,55429.0,23.6
832,2026-06-25,FC_KOL,S1,2201,2368,21,7,0,0,21,7,0,2609.1,2368,0,224.0,201.6,11.75,0.9076,0.0,36344.0,15.35
833,2026-06-25,FC_KOL,S2,2468,2662,22,8,2,1,20,7,36,2537.0,2536,126,276.0,230.4,11.01,0.9996,0.1,48962.08,19.31
834,2026-06-25,FC_KOL,S3,1540,1460,16,6,0,1,16,5,0,1574.4,1460,0,176.0,151.2,9.66,0.9274,0.0455,31521.6,21.59
835,2026-06-25,FC_MUM,S1,2862,2919,25,9,1,3,24,6,15,2925.8,2919,0,287.0,231.0,12.64,0.9977,0.1176,53017.0,18.16
836,2026-06-25,FC_MUM,S2,3329,3528,30,10,1,2,29,8,18,3528.9,3528,0,338.0,284.4,12.41,0.9998,0.075,64204.02,18.2
837,2026-06-25,FC_MUM,S3,2197,2327,23,8,3,1,20,7,10,2328.3,2327,0,258.0,204.4,11.38,0.9994,0.129,52058.6,22.37
838,2026-06-25,FC_HYD,S1,2628,2739,23,8,1,0,22,8,0,2837.9,2739,0,248.0,216.0,12.68,0.9651,0.0323,41344.0,15.09
839,2026-06-25,FC_HYD,S2,3146,3071,28,10,2,0,26,10,0,3353.8,3071,0,304.0,259.2,11.85,0.9157,0.0526,52241.6,17.01
840,2026-06-25,FC_HYD,S3,2086,1936,20,7,0,0,20,7,0,2233.9,1936,0,216.0,194.4,9.96,0.8666,0.0,39617.6,20.46
841,2026-06-26,FC_BLR,S1,3168,3289,27,10,1,0,26,10,0,3295.0,3289,0,296.0,259.2,12.69,0.9982,0.027,51216.0,15.57
842,2026-06-26,FC_BLR,S2,3717,4045,33,11,0,0,33,11,0,4201.5,4045,0,352.0,316.8,12.77,0.9628,0.0,62541.6,15.46
843,2026-06-26,FC_BLR,S3,2022,2189,19,7,1,0,18,7,0,2266.4,2189,0,208.0,180.0,12.16,0.9659,0.0385,39582.4,18.08
844,2026-06-26,FC_DEL,S1,3514,3783,30,11,0,0,30,11,2,3790.5,3783,0,330.0,297.2,12.73,0.998,0.0,58740.0,15.53
845,2026-06-26,FC_DEL,S2,4524,4538,41,14,2,1,39,13,0,4767.7,4538,0,440.0,374.4,12.12,0.9518,0.0545,80274.08,17.69
846,2026-06-26,FC_DEL,S3,2870,2783,29,10,3,0,26,10,1,2787.1,2783,0,313.0,260.2,10.7,0.9985,0.0769,61091.8,21.95
847,2026-06-26,FC_KOL,S1,2213,2442,20,7,1,0,19,7,11,2448.0,2442,0,227.0,198.2,12.32,0.9976,0.037,37692.0,15.43
848,2026-06-26,FC_KOL,S2,2612,2671,26,9,1,0,25,9,0,2937.8,2671,0,280.0,244.8,10.91,0.9092,0.0286,46844.4,17.54
849,2026-06-26,FC_KOL,S3,1983,1951,21,7,0,0,21,7,0,2005.5,1951,0,224.0,201.6,9.68,0.9728,0.0,39978.4,20.49
850,2026-06-26,FC_MUM,S1,3599,3220,32,11,0,1,32,10,0,3854.2,3220,0,344.0,302.4,10.65,0.8355,0.0233,61976.0,19.25
851,2026-06-26,FC_MUM,S2,3965,3781,35,12,3,1,32,11,3,3782.0,3781,0,379.0,312.6,12.1,0.9997,0.0851,70580.75,18.67
852,2026-06-26,FC_MUM,S3,2458,2353,26,9,2,0,24,9,0,2648.1,2353,0,280.0,237.6,9.9,0.8886,0.0571,55501.6,23.59
853,2026-06-26,FC_HYD,S1,2604,2823,24,8,1,1,23,7,0,2846.6,2823,0,256.0,216.0,13.07,0.9917,0.0625,42624.0,15.1
854,2026-06-26,FC_HYD,S2,3204,3331,29,10,0,0,29,10,0,3494.6,3331,0,312.0,280.8,11.86,0.9532,0.0,53560.0,16.08
855,2026-06-26,FC_HYD,S3,2077,2074,21,8,0,1,21,7,0,2301.1,2074,0,232.0,201.6,10.29,0.9013,0.0345,42662.4,20.57
856,2026-06-27,FC_BLR,S1,3279,3393,29,10,0,1,29,9,0,3650.1,3393,0,312.0,273.6,12.4,0.9296,0.0256,53872.0,15.88
857,2026-06-27,FC_BLR,S2,3986,3553,35,12,2,4,33,8,0,3747.3,3553,0,376.0,295.2,12.04,0.9482,0.1277,66859.36,18.82
858,2026-06-27,FC_BLR,S3,1871,2072,18,6,1,2,17,4,17,2076.0,2072,0,209.0,168.2,12.32,0.9981,0.125,41107.0,19.84
859,2026-06-27,FC_DEL,S1,3867,3686,34,12,3,0,31,12,0,3913.9,3686,0,368.0,309.6,11.91,0.9418,0.0652,65248.0,17.7
860,2026-06-27,FC_DEL,S2,4126,3888,36,12,5,0,31,12,16,3892.2,3888,0,400.0,325.6,11.94,0.9989,0.1042,74258.88,19.1
861,2026-06-27,FC_DEL,S3,2885,2522,29,10,2,0,27,10,0,2946.6,2522,0,312.0,266.4,9.47,0.8559,0.0513,60808.0,24.11
862,2026-06-27,FC_KOL,S1,2566,2378,22,8,0,1,22,7,0,2553.0,2378,0,240.0,208.8,11.39,0.9315,0.0333,39040.0,16.42
863,2026-06-27,FC_KOL,S2,2735,2808,26,9,0,0,26,9,0,2847.8,2808,0,280.0,252.0,11.14,0.986,0.0,46844.4,16.68
864,2026-06-27,FC_KOL,S3,1796,1677,18,6,1,0,17,6,0,1773.9,1677,0,192.0,165.6,10.13,0.9454,0.0417,34267.2,20.43
865,2026-06-27,FC_MUM,S1,2752,2958,24,8,1,0,23,8,10,2966.1,2958,0,266.0,233.2,12.68,0.9973,0.0312,48710.0,16.47
866,2026-06-27,FC_MUM,S2,3297,3587,30,10,1,2,29,8,33,3591.6,3587,0,353.0,299.4,11.98,0.9987,0.075,68267.37,19.03
867,2026-06-27,FC_MUM,S3,2350,2309,24,9,0,0,24,9,0,2718.1,2309,0,264.0,237.6,9.72,0.8495,0.0,52456.8,22.72
868,2026-06-27,FC_HYD,S1,3066,2800,26,9,3,1,23,8,0,2878.0,2800,0,280.0,223.2,12.54,0.9729,0.1143,46672.0,16.67
869,2026-06-27,FC_HYD,S2,3863,3356,36,12,1,2,35,10,0,4208.5,3356,0,384.0,324.0,10.36,0.7974,0.0625,65854.08,19.62
870,2026-06-27,FC_HYD,S3,2250,2033,22,8,0,4,22,4,0,2299.5,2033,0,240.0,187.2,10.86,0.8841,0.1333,44070.4,21.68
871,2026-06-28,FC_BLR,S1,3185,3031,27,9,0,2,27,7,0,3217.9,3031,0,288.0,244.8,12.38,0.9419,0.0556,49680.0,16.39
872,2026-06-28,FC_BLR,S2,3436,3764,31,11,2,0,29,11,15,3765.3,3764,0,351.0,303.0,12.42,0.9996,0.0476,63668.42,16.92
873,2026-06-28,FC_BLR,S3,1921,1988,18,7,1,2,17,5,17,1993.1,1988,0,217.0,175.4,11.33,0.9975,0.12,42796.6,21.53
874,2026-06-28,FC_DEL,S1,3331,3527,30,10,1,1,29,9,0,3632.2,3527,0,320.0,273.6,12.89,0.971,0.05,56640.0,16.06
875,2026-06-28,FC_DEL,S2,3881,3695,36,13,2,1,34,12,2,4138.4,3695,0,394.0,333.2,11.09,0.8928,0.0612,72170.04,19.53
876,2026-06-28,FC_DEL,S3,2036,2225,20,7,0,0,20,7,14,2233.1,2225,0,230.0,208.4,10.68,0.9964,0.0,46090.0,20.71
877,2026-06-28,FC_KOL,S1,2369,2293,23,8,3,0,20,8,0,2376.3,2293,0,248.0,201.6,11.37,0.965,0.0968,40288.0,17.57
878,2026-06-28,FC_KOL,S2,2315,2573,21,8,1,2,20,6,24,2575.8,2573,0,256.0,211.2,12.18,0.9989,0.1034,44759.68,17.4
879,2026-06-28,FC_KOL,S3,1662,1679,17,6,1,0,16,6,0,1772.0,1679,0,184.0,158.4,10.6,0.9475,0.0435,32894.4,19.59
880,2026-06-28,FC_MUM,S1,2873,2915,26,9,2,1,24,8,9,2921.0,2915,0,289.0,239.4,12.18,0.9979,0.0857,52823.0,18.12
881,2026-06-28,FC_MUM,S2,3516,3255,33,12,1,2,32,10,0,3862.6,3255,0,360.0,302.4,10.76,0.8427,0.0667,66917.04,20.56
882,2026-06-28,FC_MUM,S3,2188,2094,23,8,1,0,22,8,0,2218.3,2094,0,248.0,216.0,9.69,0.944,0.0323,49165.6,23.48
883,2026-06-28,FC_HYD,S1,2373,2288,19,7,1,1,18,6,1,2289.5,2288,0,209.0,173.8,13.16,0.9993,0.0769,34979.0,15.29
884,2026-06-28,FC_HYD,S2,2917,2794,27,9,1,0,26,9,0,3033.1,2794,0,288.0,252.0,11.09,0.9212,0.0278,49390.56,17.68
885,2026-06-28,FC_HYD,S3,1636,1642,16,6,1,0,15,6,0,1715.6,1642,0,176.0,151.2,10.86,0.9571,0.0455,32348.8,19.7
886,2026-06-29,FC_BLR,S1,2575,2643,21,8,2,2,19,6,26,2651.4,2643,0,258.0,206.0,12.83,0.9968,0.1379,46676.0,17.66
887,2026-06-29,FC_BLR,S2,3257,3047,28,10,2,0,26,10,0,3565.1,3047,0,304.0,259.2,11.76,0.8547,0.0526,54120.32,17.76
888,2026-06-29,FC_BLR,S3,1896,1865,17,6,0,0,17,6,2,1865.9,1865,0,186.0,167.6,11.13,0.9995,0.0,35521.2,19.05
889,2026-06-29,FC_DEL,S1,2542,2551,22,8,0,2,22,6,8,2555.7,2551,0,248.0,209.6,12.17,0.9981,0.0667,44656.0,17.51
890,2026-06-29,FC_DEL,S2,3165,3299,27,10,0,2,27,8,17,3301.6,3299,0,313.0,269.0,12.26,0.9992,0.0541,58654.38,17.78
891,2026-06-29,FC_DEL,S3,2117,2034,22,8,1,1,21,7,0,2291.4,2034,0,240.0,201.6,10.09,0.8877,0.0667,46851.2,23.03
892,2026-06-29,FC_KOL,S1,1872,1931,17,6,1,0,16,6,0,1936.4,1931,0,184.0,158.4,12.19,0.9972,0.0435,29904.0,15.49
893,2026-06-29,FC_KOL,S2,2319,2299,21,8,1,0,20,8,0,2369.6,2299,0,232.0,201.6,11.4,0.9702,0.0345,38925.76,16.93
894,2026-06-29,FC_KOL,S3,1536,1388,17,6,0,0,17,6,0,1750.2,1388,0,184.0,165.6,8.38,0.793,0.0,32894.4,23.7
895,2026-06-29,FC_MUM,S1,2478,2507,22,8,1,1,21,7,3,2515.3,2507,0,243.0,204.6,12.25,0.9967,0.0667,44101.0,17.59
896,2026-06-29,FC_MUM,S2,2990,2771,27,10,0,0,27,10,0,3110.9,2771,0,296.0,266.4,10.4,0.8907,0.0,55051.44,19.87
897,2026-06-29,FC_MUM,S3,1687,1766,17,6,0,0,17,6,0,1929.4,1766,0,184.0,165.6,10.66,0.9153,0.0,36493.6,20.66
898,2026-06-29,FC_HYD,S1,1958,1995,17,6,0,0,17,6,0,2132.1,1995,0,184.0,165.6,12.05,0.9357,0.0,30688.0,15.38
899,2026-06-29,FC_HYD,S2,2875,2557,26,9,3,0,23,9,0,2626.2,2557,0,280.0,230.4,11.1,0.9737,0.0857,48072.16,18.8
900,2026-06-29,FC_HYD,S3,1446,1546,14,5,1,1,13,4,20,1552.6,1546,0,172.0,142.4,10.86,0.9958,0.1053,33242.0,21.5
901,2026-06-30,FC_BLR,S1,2547,2573,22,8,0,0,22,8,0,2917.7,2573,0,240.0,216.0,11.91,0.8818,0.0,41504.0,16.13
902,2026-06-30,FC_BLR,S2,3309,3097,30,11,1,0,29,11,0,3714.3,3097,0,328.0,288.0,10.75,0.8338,0.0244,58438.08,18.87
903,2026-06-30,FC_BLR,S3,2007,1927,20,7,1,0,19,7,6,2256.1,1927,0,222.0,193.2,9.97,0.8541,0.037,42693.2,22.16
904,2026-06-30,FC_DEL,S1,2936,2715,27,9,2,1,25,8,5,3277.8,2715,0,293.0,242.6,11.19,0.8283,0.0833,52266.0,19.25
905,2026-06-30,FC_DEL,S2,3165,3229,28,10,2,0,26,10,9,3237.8,3229,0,313.0,268.2,12.04,0.9973,0.0526,57929.26,17.94
906,2026-06-30,FC_DEL,S3,2225,2092,22,8,1,1,21,7,9,2093.8,2092,0,249.0,210.6,9.93,0.9991,0.0667,49405.4,23.62
907,2026-06-30,FC_KOL,S1,2290,2178,20,7,0,3,20,4,0,2234.3,2178,0,216.0,172.8,12.6,0.9748,0.1111,35096.0,16.11
908,2026-06-30,FC_KOL,S2,2253,2245,21,7,0,0,21,7,0,2360.2,2245,0,224.0,201.6,11.14,0.9512,0.0,37434.32,16.67
909,2026-06-30,FC_KOL,S3,1540,1515,15,5,0,2,15,3,13,1515.9,1515,0,173.0,142.6,10.62,0.9994,0.1,31930.8,21.08
910,2026-06-30,FC_MUM,S1,2496,2854,21,7,1,2,20,5,36,2719.4,2719,135,260.0,216.0,12.59,0.9999,0.1071,49788.0,18.31
911,2026-06-30,FC_MUM,S2,2684,3043,24,8,2,0,22,8,25,3048.8,3043,0,281.0,241.0,12.63,0.9981,0.0625,54234.65,17.82
912,2026-06-30,FC_MUM,S3,1890,1883,20,7,1,0,19,7,0,2037.1,1883,0,216.0,187.2,10.06,0.9243,0.037,42829.6,22.75
913,2026-06-30,FC_HYD,S1,1960,2093,18,6,0,1,18,5,4,2093.3,2093,0,196.0,169.6,12.34,0.9999,0.0417,32940.0,15.74
914,2026-06-30,FC_HYD,S2,2836,2782,25,9,1,1,24,8,0,2826.0,2782,0,272.0,230.4,12.07,0.9844,0.0588,46753.76,16.81
915,2026-06-30,FC_HYD,S3,1658,1712,17,6,1,1,16,5,0,1827.5,1712,0,184.0,151.2,11.32,0.9368,0.087,33756.8,19.72
916,2026-07-01,FC_BLR,S1,3112,3233,26,9,3,1,23,8,21,3240.4,3233,0,301.0,244.2,13.24,0.9977,0.1143,53602.0,16.58
917,2026-07-01,FC_BLR,S2,3185,3531,27,10,1,2,26,8,36,3427.2,3427,104,332.0,280.8,12.2,0.9999,0.0811,62022.48,18.1
918,2026-07-01,FC_BLR,S3,1816,2083,16,6,1,0,15,6,36,2018.4,2018,65,212.0,187.2,10.78,0.9998,0.0455,43410.4,21.51
919,2026-07-01,FC_DEL,S1,3528,3389,32,11,4,0,28,11,0,3655.1,3389,0,344.0,280.8,12.07,0.9272,0.093,60944.0,17.98
920,2026-07-01,FC_DEL,S2,4060,3853,37,13,1,0,36,13,0,4364.2,3853,0,400.0,352.8,10.92,0.8829,0.02,73039.36,18.96
921,2026-07-01,FC_DEL,S3,2548,2502,25,9,2,1,23,8,0,2595.8,2502,0,272.0,223.2,11.21,0.9639,0.0882,53081.6,21.22
922,2026-07-01,FC_KOL,S1,2317,2296,20,7,1,0,19,7,0,2353.3,2296,0,216.0,187.2,12.26,0.9756,0.037,35096.0,15.29
923,2026-07-01,FC_KOL,S2,2798,2687,25,9,2,2,23,7,24,2693.2,2687,0,296.0,240.0,11.2,0.9977,0.1176,51392.88,19.13
924,2026-07-01,FC_KOL,S3,1549,1654,16,6,1,0,15,6,0,1693.1,1654,0,176.0,151.2,10.94,0.9769,0.0455,31521.6,19.06
925,2026-07-01,FC_MUM,S1,2738,2773,23,8,0,0,23,8,0,2814.6,2773,0,248.0,223.2,12.42,0.9852,0.0,44696.0,16.12
926,2026-07-01,FC_MUM,S2,3344,3298,30,11,1,3,29,8,26,3301.3,3298,0,354.0,292.4,11.28,0.999,0.0976,68027.38,20.63
927,2026-07-01,FC_MUM,S3,2104,2078,21,8,1,0,20,8,0,2259.4,2078,0,232.0,201.6,10.31,0.9197,0.0345,46120.8,22.19
928,2026-07-01,FC_HYD,S1,2389,2379,20,7,0,0,20,7,0,2593.9,2379,0,216.0,194.4,12.24,0.9171,0.0,36016.0,15.14
929,2026-07-01,FC_HYD,S2,2820,3024,26,9,0,1,26,8,0,3025.4,3024,0,280.0,244.8,12.35,0.9995,0.0286,48072.16,15.9
930,2026-07-01,FC_HYD,S3,1706,1768,17,6,2,0,15,6,10,1776.7,1768,0,194.0,161.2,10.97,0.9951,0.087,36429.8,20.61
931,2026-07-02,FC_BLR,S1,3309,3170,28,10,2,2,26,8,0,3350.3,3170,0,304.0,244.8,12.95,0.9462,0.1053,52544.0,16.58
932,2026-07-02,FC_BLR,S2,3703,3793,33,11,0,0,33,11,0,4095.4,3793,0,352.0,316.8,11.97,0.9262,0.0,62541.6,16.49
933,2026-07-02,FC_BLR,S3,2135,2351,20,7,1,0,19,7,4,2352.1,2351,0,220.0,191.2,12.3,0.9995,0.037,42143.2,17.93
934,2026-07-02,FC_DEL,S1,3826,3584,33,12,3,3,30,9,0,3662.8,3584,0,360.0,280.8,12.76,0.9785,0.1333,63888.0,17.83
935,2026-07-02,FC_DEL,S2,4210,4035,37,13,0,2,37,11,3,4268.8,4035,0,403.0,348.6,11.57,0.9452,0.04,73836.58,18.3
936,2026-07-02,FC_DEL,S3,2817,2533,27,10,2,1,25,9,0,2889.0,2533,0,296.0,244.8,10.35,0.8768,0.0811,57816.0,22.83
937,2026-07-02,FC_KOL,S1,2597,2473,23,8,2,0,21,8,1,2477.1,2473,0,249.0,209.8,11.79,0.9983,0.0645,40524.0,16.39
938,2026-07-02,FC_KOL,S2,2901,2819,28,10,1,0,27,10,0,3177.3,2819,0,304.0,266.4,10.58,0.8872,0.0263,50906.72,18.06
939,2026-07-02,FC_KOL,S3,1444,1671,16,5,1,0,15,5,12,1671.7,1671,0,180.0,156.0,10.71,0.9996,0.0476,33044.0,19.77
940,2026-07-02,FC_MUM,S1,2822,3031,24,9,0,1,24,8,36,2943.0,2943,88,300.0,266.4,11.05,1.0,0.0303,57156.0,19.42
941,2026-07-02,FC_MUM,S2,3445,3495,33,11,1,0,32,11,0,3913.7,3495,0,352.0,309.6,11.29,0.893,0.0227,65260.8,18.67
942,2026-07-02,FC_MUM,S3,1954,2222,20,7,1,1,19,6,19,2225.6,2222,0,235.0,199.0,11.17,0.9984,0.0741,48326.3,21.75
943,2026-07-02,FC_HYD,S1,2574,2574,23,8,1,0,22,8,0,2762.3,2574,0,248.0,216.0,11.92,0.9318,0.0323,41344.0,16.06
944,2026-07-02,FC_HYD,S2,2955,2953,27,10,2,1,25,9,0,3136.5,2953,0,296.0,244.8,12.06,0.9415,0.0811,50923.2,17.24
945,2026-07-02,FC_HYD,S3,1856,1856,18,7,1,1,17,6,0,1906.1,1856,0,200.0,165.6,11.21,0.9737,0.08,36801.6,19.83
946,2026-07-03,FC_BLR,S1,3115,2882,27,9,0,1,27,8,0,3266.4,2882,0,288.0,252.0,11.44,0.8823,0.0278,49680.0,17.24
947,2026-07-03,FC_BLR,S2,3088,3289,27,10,3,0,24,10,17,3298.4,3289,0,313.0,261.8,12.56,0.9971,0.0811,57129.98,17.37
948,2026-07-03,FC_BLR,S3,2404,2329,23,8,0,0,23,8,0,2660.1,2329,0,248.0,223.2,10.43,0.8755,0.0,47115.2,20.23
949,2026-07-03,FC_DEL,S1,3411,3170,29,10,3,0,26,10,4,3306.3,3170,0,316.0,263.2,12.04,0.9588,0.0769,56312.0,17.76
950,2026-07-03,FC_DEL,S2,3762,4208,34,12,1,1,33,11,29,4209.6,4208,0,397.0,345.8,12.17,0.9996,0.0435,74911.9,17.8
951,2026-07-03,FC_DEL,S3,2313,2489,22,8,1,2,21,6,30,2489.3,2489,0,270.0,224.4,11.09,0.9999,0.1,55365.2,22.24
952,2026-07-03,FC_KOL,S1,2327,2388,21,8,0,0,21,8,0,2574.1,2388,0,232.0,208.8,11.44,0.9277,0.0,37792.0,15.83
953,2026-07-03,FC_KOL,S2,3000,2691,29,10,1,1,28,9,0,3127.5,2691,0,312.0,266.4,10.1,0.8604,0.0513,52192.16,19.4
954,2026-07-03,FC_KOL,S3,1695,1766,18,6,1,1,17,5,8,1772.7,1766,0,200.0,166.4,10.61,0.9962,0.0833,36344.0,20.58
955,2026-07-03,FC_MUM,S1,2897,3030,25,9,1,0,24,9,0,3065.4,3030,0,272.0,237.6,12.75,0.9885,0.0294,49072.0,16.2
956,2026-07-03,FC_MUM,S2,3376,3260,31,11,1,0,30,11,0,3600.2,3260,0,336.0,295.2,11.04,0.9055,0.0238,62409.76,19.14
957,2026-07-03,FC_MUM,S3,2191,2202,22,8,1,1,21,7,0,2248.0,2202,0,240.0,201.6,10.92,0.9796,0.0667,47643.2,21.64
958,2026-07-03,FC_HYD,S1,2366,2443,21,7,0,1,21,6,5,2450.4,2443,0,229.0,199.4,12.25,0.997,0.0357,38511.0,15.76
959,2026-07-03,FC_HYD,S2,2926,2890,26,9,1,1,25,8,5,2897.0,2890,0,285.0,242.6,11.91,0.9976,0.0571,49323.61,17.07
960,2026-07-03,FC_HYD,S3,1690,1751,16,6,0,0,16,6,0,1811.7,1751,0,176.0,158.4,11.05,0.9665,0.0,32348.8,18.47
961,2026-07-04,FC_BLR,S1,3324,3093,27,10,0,1,27,9,0,3543.5,3093,0,296.0,259.2,11.93,0.8729,0.027,51216.0,16.56
962,2026-07-04,FC_BLR,S2,4176,3922,38,13,2,0,36,13,0,4437.2,3922,0,408.0,352.8,11.12,0.8839,0.0392,72544.96,18.5
963,2026-07-04,FC_BLR,S3,2261,2187,21,8,1,2,20,6,0,2261.3,2187,0,232.0,187.2,11.68,0.9671,0.1034,44193.6,20.21
964,2026-07-04,FC_DEL,S1,3468,3510,29,10,2,0,27,10,21,3513.1,3510,0,333.0,287.4,12.21,0.9991,0.0513,60698.0,17.29
965,2026-07-04,FC_DEL,S2,3581,4211,33,11,1,1,32,10,36,4100.2,4100,111,388.0,338.4,12.12,1.0,0.0455,73739.76,17.99
966,2026-07-04,FC_DEL,S3,2409,2339,23,8,2,1,21,7,4,2347.9,2339,0,252.0,205.6,11.38,0.9962,0.0968,49482.4,21.16
967,2026-07-04,FC_KOL,S1,2687,2602,25,9,0,0,25,9,0,2987.7,2602,0,272.0,244.8,10.63,0.8709,0.0,44232.0,17.0
968,2026-07-04,FC_KOL,S2,2726,2822,25,9,0,1,25,8,0,2822.5,2822,0,272.0,237.6,11.88,0.9998,0.0294,45558.96,16.14
969,2026-07-04,FC_KOL,S3,1633,1772,17,6,1,2,16,4,15,1778.1,1772,0,199.0,159.0,11.14,0.9966,0.1304,36788.4,20.76
970,2026-07-04,FC_MUM,S1,3065,2858,27,9,0,2,27,7,0,3292.9,2858,0,288.0,244.8,11.67,0.8679,0.0556,51840.0,18.14
971,2026-07-04,FC_MUM,S2,3842,3708,36,12,1,1,35,11,0,4303.2,3708,0,384.0,331.2,11.2,0.8617,0.0417,71193.6,19.2
972,2026-07-04,FC_MUM,S3,2172,2388,23,8,0,1,23,7,4,2395.9,2388,0,252.0,220.0,10.85,0.9967,0.0323,50322.8,21.07
973,2026-07-04,FC_HYD,S1,2848,2675,26,9,1,0,25,9,0,3266.3,2675,0,280.0,244.8,10.93,0.819,0.0286,46672.0,17.45
974,2026-07-04,FC_HYD,S2,3114,3058,28,10,5,3,23,7,36,2891.3,2891,167,340.0,252.0,11.47,0.9999,0.2105,61252.04,21.19
975,2026-07-04,FC_HYD,S3,2361,2117,22,8,1,2,21,6,0,2124.3,2117,0,240.0,194.4,10.89,0.9966,0.1,44070.4,20.82
976,2026-07-05,FC_BLR,S1,3065,3019,24,9,3,0,21,9,7,3026.9,3019,0,271.0,223.0,13.54,0.9974,0.0909,47446.0,15.72
977,2026-07-05,FC_BLR,S2,3439,3340,30,11,2,1,28,10,15,3344.7,3340,0,343.0,288.6,11.57,0.9986,0.0732,62300.58,18.65
978,2026-07-05,FC_BLR,S3,2228,2176,21,8,2,0,19,8,0,2225.6,2176,0,232.0,194.4,11.19,0.9777,0.069,44193.6,20.31
979,2026-07-05,FC_DEL,S1,2773,2890,24,8,1,0,23,8,0,2892.6,2890,0,256.0,223.2,12.95,0.9991,0.0312,45312.0,15.68
980,2026-07-05,FC_DEL,S2,3361,3871,29,10,1,1,28,9,36,3528.8,3528,343,348.0,302.4,11.67,0.9998,0.0513,66505.04,18.85
981,2026-07-05,FC_DEL,S3,2115,2210,21,7,0,0,21,7,0,2299.3,2210,0,224.0,201.6,10.96,0.9612,0.0,43612.8,19.73
982,2026-07-05,FC_KOL,S1,2259,2264,20,7,2,0,18,7,2,2269.9,2264,0,218.0,182.0,12.44,0.9974,0.0741,35568.0,15.71
983,2026-07-05,FC_KOL,S2,2684,2612,26,9,2,1,24,8,0,2864.2,2612,0,280.0,230.4,11.34,0.912,0.0857,46844.4,17.93
984,2026-07-05,FC_KOL,S3,1910,1680,20,7,1,0,19,7,0,1891.9,1680,0,216.0,187.2,8.97,0.888,0.037,38605.6,22.98
985,2026-07-05,FC_MUM,S1,2772,2949,24,8,2,3,22,5,36,2894.9,2894,55,292.0,230.4,12.56,0.9997,0.1562,55548.0,19.19
986,2026-07-05,FC_MUM,S2,2861,3203,27,9,3,0,24,9,36,3151.6,3151,52,324.0,273.6,11.52,0.9998,0.0833,63147.24,20.04
987,2026-07-05,FC_MUM,S3,1992,1919,19,7,0,1,19,6,0,2022.0,1919,0,208.0,180.0,10.66,0.949,0.0385,41307.2,21.53
988,2026-07-05,FC_HYD,S1,2388,2439,21,7,1,0,20,7,0,2477.4,2439,0,224.0,194.4,12.55,0.9845,0.0357,37296.0,15.29
989,2026-07-05,FC_HYD,S2,3228,3034,27,10,1,2,26,8,0,3203.6,3034,0,296.0,244.8,12.39,0.947,0.0811,50923.2,16.78
990,2026-07-05,FC_HYD,S3,1629,1859,16,5,0,0,16,5,25,1863.2,1859,0,193.0,176.2,10.55,0.9977,0.0,37394.5,20.12
991,2026-07-06,FC_BLR,S1,2769,2479,24,9,2,0,22,9,6,2994.7,2479,0,270.0,229.2,10.82,0.8278,0.0606,47196.0,19.04
992,2026-07-06,FC_BLR,S2,3037,2892,26,9,2,2,24,7,18,2892.1,2892,0,298.0,241.2,11.99,1.0,0.1143,54437.56,18.82
993,2026-07-06,FC_BLR,S3,2119,2014,20,7,0,0,20,7,0,2391.2,2014,0,216.0,194.4,10.36,0.8423,0.0,41043.2,20.38
994,2026-07-06,FC_DEL,S1,2947,2931,25,9,0,0,25,9,0,3206.5,2931,0,272.0,244.8,11.97,0.9141,0.0,48256.0,16.46
995,2026-07-06,FC_DEL,S2,3103,3362,28,10,0,0,28,10,3,3364.1,3362,0,307.0,276.6,12.15,0.9994,0.0,56334.82,16.76
996,2026-07-06,FC_DEL,S3,1972,1976,20,7,0,1,20,6,0,2104.8,1976,0,216.0,187.2,10.56,0.9388,0.037,42116.8,21.31
997,2026-07-06,FC_KOL,S1,2000,1920,18,6,0,0,18,6,0,2117.9,1920,0,192.0,172.8,11.11,0.9065,0.0,31152.0,16.23
998,2026-07-06,FC_KOL,S2,2145,1996,20,7,1,0,19,7,0,2336.9,1996,0,216.0,187.2,10.66,0.8541,0.037,36148.88,18.11
999,2026-07-06,FC_KOL,S3,1317,1370,14,5,2,1,12,4,10,1374.1,1370,0,162.0,125.2,10.94,0.997,0.1579,29779.2,21.74
1000,2026-07-06,FC_MUM,S1,2440,2510,22,8,0,0,22,8,0,2667.7,2510,0,240.0,216.0,11.62,0.9409,0.0,43312.0,17.26
1001,2026-07-06,FC_MUM,S2,3141,3222,27,10,2,1,25,9,27,3229.4,3222,0,323.0,271.8,11.85,0.9977,0.0811,62365.47,19.36
1002,2026-07-06,FC_MUM,S3,1852,1920,18,6,1,1,17,5,21,1921.9,1920,0,213.0,179.4,10.7,0.999,0.0833,44091.3,22.96
1003,2026-07-06,FC_HYD,S1,2304,2141,20,7,0,2,20,5,0,2488.6,2141,0,216.0,180.0,11.89,0.8603,0.0741,36016.0,16.82
1004,2026-07-06,FC_HYD,S2,2565,2451,23,8,1,2,22,6,0,2570.8,2451,0,248.0,201.6,12.16,0.9534,0.0968,42584.32,17.37
1005,2026-07-06,FC_HYD,S3,1424,1520,16,5,2,2,14,3,11,1521.6,1520,0,179.0,133.4,11.39,0.999,0.1905,33652.3,22.14
1006,2026-07-07,FC_BLR,S1,2685,2706,23,8,1,0,22,8,0,3080.1,2706,0,248.0,216.0,12.53,0.8785,0.0323,42832.0,15.83
1007,2026-07-07,FC_BLR,S2,3196,3361,28,10,2,3,26,7,36,3183.3,3183,178,340.0,273.6,11.63,0.9999,0.1316,63390.32,19.92
1008,2026-07-07,FC_BLR,S3,2097,1994,21,7,1,0,20,7,0,2148.0,1994,0,224.0,194.4,10.26,0.9283,0.0357,42504.0,21.32
1009,2026-07-07,FC_DEL,S1,2496,2540,22,8,0,0,22,8,0,2805.8,2540,0,240.0,216.0,11.76,0.9053,0.0,42592.0,16.77
1010,2026-07-07,FC_DEL,S2,2750,3177,24,9,0,1,24,8,36,3181.9,3177,0,300.0,266.4,11.93,0.9985,0.0303,57869.52,18.22
1011,2026-07-07,FC_DEL,S3,1924,2162,18,6,1,0,17,6,34,2170.1,2162,0,226.0,199.6,10.83,0.9963,0.0417,47031.6,21.75
1012,2026-07-07,FC_KOL,S1,1652,1891,16,5,3,0,13,5,26,1898.1,1891,0,194.0,155.6,12.15,0.9963,0.1429,33344.0,17.63
1013,2026-07-07,FC_KOL,S2,2440,2411,23,8,0,0,23,8,0,2802.8,2411,0,248.0,223.2,10.8,0.8602,0.0,41496.64,17.21
1014,2026-07-07,FC_KOL,S3,1707,1634,18,6,0,1,18,5,0,1784.5,1634,0,192.0,165.6,9.87,0.9156,0.0417,34267.2,20.97
1015,2026-07-07,FC_MUM,S1,2236,2490,20,7,0,0,20,7,3,2495.5,2490,0,219.0,197.4,12.61,0.9978,0.0,39725.0,15.95
1016,2026-07-07,FC_MUM,S2,3164,3040,28,10,0,1,28,9,0,3332.3,3040,0,304.0,266.4,11.41,0.9123,0.0263,56476.96,18.58
1017,2026-07-07,FC_MUM,S3,2119,1928,21,7,1,0,20,7,0,2182.3,1928,0,224.0,194.4,9.92,0.8835,0.0357,44352.0,23.0
1018,2026-07-07,FC_HYD,S1,2083,2461,18,7,0,1,18,6,7,2465.4,2461,0,207.0,179.8,13.69,0.9982,0.04,35157.0,14.29
1019,2026-07-07,FC_HYD,S2,2301,2612,20,7,2,1,18,6,36,2560.1,2560,52,252.0,208.8,12.26,0.9999,0.1111,46106.92,18.01
1020,2026-07-07,FC_HYD,S3,1682,1782,16,6,1,1,15,5,13,1786.9,1782,0,189.0,157.0,11.35,0.9973,0.0909,35823.7,20.1
1021,2026-07-08,FC_BLR,S1,2635,2686,22,8,0,0,22,8,5,3126.6,2686,0,245.0,221.0,12.15,0.8591,0.0,42754.0,15.92
1022,2026-07-08,FC_BLR,S2,3034,3137,26,9,2,0,24,9,17,3146.3,3137,0,297.0,254.6,12.32,0.9971,0.0571,54180.06,17.27
1023,2026-07-08,FC_BLR,S3,1852,2000,18,6,1,2,17,4,20,2001.9,2000,0,212.0,171.2,11.68,0.999,0.125,41932.0,20.97
1024,2026-07-08,FC_DEL,S1,3185,3124,28,10,0,0,28,10,0,3422.3,3124,0,304.0,273.6,11.42,0.9128,0.0,53920.0,17.26
1025,2026-07-08,FC_DEL,S2,3892,3931,35,12,1,0,34,12,4,4039.8,3931,0,380.0,335.2,11.73,0.9731,0.0213,69669.2,17.72
1026,2026-07-08,FC_DEL,S3,2110,2259,20,7,0,0,20,7,0,2301.7,2259,0,216.0,194.4,11.62,0.9815,0.0,42116.8,18.64
1027,2026-07-08,FC_KOL,S1,2138,2223,19,7,0,0,19,7,0,2487.1,2223,0,208.0,187.2,11.87,0.8938,0.0,33848.0,15.23
1028,2026-07-08,FC_KOL,S2,2353,2461,22,8,3,1,19,7,30,2466.5,2461,0,270.0,217.2,11.33,0.9978,0.1333,47503.6,19.3
1029,2026-07-08,FC_KOL,S3,1574,1588,18,6,1,2,17,4,0,1799.5,1588,0,192.0,151.2,10.5,0.8825,0.125,34267.2,21.58
1030,2026-07-08,FC_MUM,S1,2421,2518,21,8,2,1,19,7,3,2519.9,2518,0,235.0,190.2,13.24,0.9992,0.1034,42717.0,16.96
1031,2026-07-08,FC_MUM,S2,2768,2961,26,9,2,2,24,7,24,2968.6,2961,0,304.0,247.2,11.98,0.9974,0.1143,58471.04,19.75
1032,2026-07-08,FC_MUM,S3,1959,1860,20,7,1,0,19,7,0,2019.7,1860,0,216.0,187.2,9.94,0.9209,0.037,42829.6,23.03
1033,2026-07-08,FC_HYD,S1,2720,2500,24,8,0,0,24,8,0,3017.0,2500,0,256.0,230.4,10.85,0.8286,0.0,42624.0,17.05
1034,2026-07-08,FC_HYD,S2,2644,2716,23,8,2,1,21,7,33,2718.9,2716,0,281.0,234.6,11.58,0.9989,0.0968,50843.89,18.72
1035,2026-07-08,FC_HYD,S3,1939,1917,19,7,1,0,18,7,0,2103.7,1917,0,208.0,180.0,10.65,0.9113,0.0385,38209.6,19.93
1036,2026-07-09,FC_BLR,S1,3069,3104,24,9,2,0,22,9,20,3104.4,3104,0,284.0,243.2,12.76,0.9999,0.0606,50696.0,16.33
1037,2026-07-09,FC_BLR,S2,3103,3124,26,9,2,0,24,9,17,3128.5,3124,0,297.0,254.6,12.27,0.9986,0.0571,54180.06,17.34
1038,2026-07-09,FC_BLR,S3,2308,2162,21,8,1,1,20,7,0,2334.2,2162,0,232.0,194.4,11.12,0.9262,0.069,44193.6,20.44
1039,2026-07-09,FC_DEL,S1,3501,3280,30,10,2,0,28,10,6,3285.9,3280,0,326.0,279.6,11.73,0.9982,0.05,58188.0,17.74
1040,2026-07-09,FC_DEL,S2,4011,3820,36,13,2,2,34,11,0,4199.5,3820,0,392.0,324.0,11.79,0.9096,0.0816,71638.56,18.75
1041,2026-07-09,FC_DEL,S3,2050,2132,21,7,2,0,19,7,2,2201.0,2132,0,226.0,189.2,11.27,0.9686,0.0714,44180.4,20.72
1042,2026-07-09,FC_KOL,S1,2204,2144,19,7,0,0,19,7,0,2334.7,2144,0,208.0,187.2,11.45,0.9183,0.0,33848.0,15.79
1043,2026-07-09,FC_KOL,S2,2335,2359,21,8,1,0,20,8,23,2361.4,2359,0,255.0,224.6,10.5,0.999,0.0345,44516.6,18.87
1044,2026-07-09,FC_KOL,S3,1836,1701,18,6,4,0,14,6,16,1704.8,1701,0,208.0,160.0,10.63,0.9978,0.1667,38420.8,22.59
1045,2026-07-09,FC_MUM,S1,2698,2753,24,8,1,0,23,8,2,2762.1,2753,0,258.0,225.2,12.22,0.9967,0.0312,46606.0,16.93
1046,2026-07-09,FC_MUM,S2,3379,3199,31,11,1,0,30,11,0,3428.3,3199,0,336.0,295.2,10.84,0.9331,0.0238,62409.76,19.51
1047,2026-07-09,FC_MUM,S3,1933,1992,20,7,0,2,20,5,5,1996.0,1992,0,221.0,185.0,10.77,0.998,0.0741,44276.1,22.23
1048,2026-07-09,FC_HYD,S1,3070,2660,25,9,1,2,24,7,0,2884.6,2660,0,272.0,223.2,11.92,0.9221,0.0882,45392.0,17.06
1049,2026-07-09,FC_HYD,S2,2819,2899,24,8,1,0,23,8,5,2905.9,2899,0,261.0,228.2,12.7,0.9976,0.0312,45154.17,15.58
1050,2026-07-09,FC_HYD,S3,1808,1809,16,6,2,0,14,6,31,1812.0,1809,0,207.0,175.0,10.34,0.9983,0.0909,40635.1,22.46
1051,2026-07-10,FC_BLR,S1,3467,3278,28,10,2,1,26,9,10,3282.7,3278,0,314.0,262.0,12.51,0.9986,0.0789,55044.0,16.79
1052,2026-07-10,FC_BLR,S2,3306,3585,30,11,2,0,28,11,0,3698.5,3585,0,328.0,280.8,12.77,0.9693,0.0488,58438.08,16.3
1053,2026-07-10,FC_BLR,S3,2042,2117,19,7,0,0,19,7,0,2211.1,2117,0,208.0,187.2,11.31,0.9574,0.0,39582.4,18.7
1054,2026-07-10,FC_DEL,S1,3620,3329,30,11,1,3,29,8,0,3593.3,3329,0,328.0,266.4,12.5,0.9264,0.0976,58224.0,17.49
1055,2026-07-10,FC_DEL,S2,3978,3803,35,12,2,1,33,11,0,4203.4,3803,0,376.0,316.8,12.0,0.9047,0.0638,68606.24,18.04
1056,2026-07-10,FC_DEL,S3,2062,2202,20,7,1,1,19,6,8,2206.5,2202,0,224.0,188.0,11.71,0.998,0.0741,44387.2,20.16
1057,2026-07-10,FC_KOL,S1,2321,2328,21,8,0,0,21,8,0,2534.9,2328,0,232.0,208.8,11.15,0.9184,0.0,37792.0,16.23
1058,2026-07-10,FC_KOL,S2,2787,2856,27,9,1,1,26,8,0,3024.8,2856,0,288.0,244.8,11.67,0.9442,0.0556,48129.84,16.85
1059,2026-07-10,FC_KOL,S3,1874,1712,20,7,0,0,20,7,0,2104.9,1712,0,216.0,194.4,8.81,0.8133,0.0,38605.6,22.55
1060,2026-07-10,FC_MUM,S1,3303,2986,29,10,2,1,27,9,0,3441.2,2986,0,312.0,259.2,11.52,0.8677,0.0769,56216.0,18.83
1061,2026-07-10,FC_MUM,S2,3759,3423,33,12,0,0,33,12,0,4087.9,3423,0,360.0,324.0,10.56,0.8374,0.0,66917.04,19.55
1062,2026-07-10,FC_MUM,S3,2247,2206,21,8,3,2,18,6,31,2206.6,2206,0,263.0,203.8,10.82,0.9997,0.1724,55089.1,24.97
1063,2026-07-10,FC_HYD,S1,2676,2675,24,8,3,1,21,7,5,2684.4,2675,0,261.0,206.6,12.95,0.9965,0.125,43839.0,16.39
1064,2026-07-10,FC_HYD,S2,3148,3135,28,10,2,1,26,9,0,3389.6,3135,0,304.0,252.0,12.44,0.9249,0.0789,52241.6,16.66
1065,2026-07-10,FC_HYD,S3,1743,1867,16,6,0,0,16,6,9,1872.6,1867,0,185.0,167.4,11.15,0.997,0.0,34754.5,18.62
1066,2026-07-11,FC_BLR,S1,3372,3492,29,10,0,0,29,10,0,3778.6,3492,0,312.0,280.8,12.44,0.9241,0.0,53872.0,15.43
1067,2026-07-11,FC_BLR,S2,3765,3746,33,11,2,2,31,9,11,3750.0,3746,0,363.0,299.0,12.53,0.9989,0.0909,65374.1,17.45
1068,2026-07-11,FC_BLR,S3,2132,2219,20,7,0,0,20,7,16,2219.8,2219,0,232.0,210.4,10.55,0.9997,0.0,45443.2,20.48
1069,2026-07-11,FC_DEL,S1,3569,3438,30,11,1,0,29,11,0,3702.4,3438,0,328.0,288.0,11.94,0.9286,0.0244,58224.0,16.94
1070,2026-07-11,FC_DEL,S2,3644,3777,33,11,1,1,32,10,23,3783.2,3777,0,375.0,325.4,11.61,0.9984,0.0455,70285.14,18.61
1071,2026-07-11,FC_DEL,S3,2721,2738,26,9,0,1,26,8,6,2744.6,2738,0,286.0,250.8,10.92,0.9976,0.0286,56280.4,20.56
1072,2026-07-11,FC_KOL,S1,2627,2635,23,8,1,0,22,8,4,2636.9,2635,0,252.0,220.0,11.98,0.9993,0.0323,41232.0,15.65
1073,2026-07-11,FC_KOL,S2,3054,2822,28,10,1,0,27,10,0,3206.4,2822,0,304.0,266.4,10.59,0.8801,0.0263,50906.72,18.04
1074,2026-07-11,FC_KOL,S3,1602,1695,17,6,1,0,16,6,0,1762.0,1695,0,184.0,158.4,10.7,0.962,0.0435,32894.4,19.41
1075,2026-07-11,FC_MUM,S1,3047,3232,28,10,0,1,28,9,0,3618.4,3232,0,304.0,266.4,12.13,0.8932,0.0263,54832.0,16.97
1076,2026-07-11,FC_MUM,S2,3862,4088,36,12,1,1,35,11,4,4090.1,4088,0,388.0,335.2,12.2,0.9995,0.0417,72277.16,17.68
1077,2026-07-11,FC_MUM,S3,2432,2503,23,8,0,0,23,8,8,2503.7,2503,0,256.0,231.2,10.83,0.9997,0.0,51480.0,20.57
1078,2026-07-11,FC_HYD,S1,2664,2580,22,8,0,0,22,8,0,2993.8,2580,0,240.0,216.0,11.94,0.8618,0.0,40064.0,15.53
1079,2026-07-11,FC_HYD,S2,2834,3146,26,9,1,1,25,8,3,3154.2,3146,0,283.0,240.6,13.08,0.9974,0.0571,48823.03,15.52
1080,2026-07-11,FC_HYD,S3,1805,2109,17,6,1,1,16,5,35,2112.8,2109,0,219.0,186.2,11.33,0.9982,0.087,43112.3,20.44
1081,2026-07-12,FC_BLR,S1,3313,2900,28,10,0,0,28,10,0,3594.2,2900,0,304.0,273.6,10.6,0.8069,0.0,52544.0,18.12
1082,2026-07-12,FC_BLR,S2,4261,4035,38,13,1,1,37,12,0,4545.3,4035,0,408.0,352.8,11.44,0.8877,0.0392,72544.96,17.98
1083,2026-07-12,FC_BLR,S3,2301,2265,21,8,2,0,19,8,0,2366.2,2265,0,232.0,194.4,11.65,0.9572,0.069,44193.6,19.51
1084,2026-07-12,FC_DEL,S1,2758,3337,24,9,2,3,22,6,36,2937.0,2937,400,300.0,237.6,12.36,1.0,0.1515,56184.0,19.13
1085,2026-07-12,FC_DEL,S2,3372,3720,32,11,1,4,31,7,36,3613.3,3613,107,380.0,309.6,11.67,0.9999,0.1163,72338.96,20.02
1086,2026-07-12,FC_DEL,S3,2264,2226,21,8,1,1,20,7,15,2228.4,2226,0,247.0,209.4,10.63,0.9989,0.069,49612.2,22.29
1087,2026-07-12,FC_KOL,S1,2406,2395,23,8,1,1,22,7,0,2563.9,2395,0,248.0,208.8,11.47,0.9341,0.0645,40288.0,16.82
1088,2026-07-12,FC_KOL,S2,2684,2435,24,9,0,0,24,9,0,2893.5,2435,0,264.0,237.6,10.25,0.8415,0.0,44273.52,18.18
1089,2026-07-12,FC_KOL,S3,1742,1589,18,6,1,0,17,6,0,1806.0,1589,0,192.0,165.6,9.6,0.8798,0.0417,34267.2,21.57
1090,2026-07-12,FC_MUM,S1,3231,3043,28,10,0,0,28,10,3,3533.6,3043,0,307.0,276.6,11.0,0.8612,0.0,55621.0,18.28
1091,2026-07-12,FC_MUM,S2,3321,3558,30,11,0,1,30,10,8,3561.4,3558,0,336.0,296.0,12.02,0.9991,0.0244,63151.36,17.75
1092,2026-07-12,FC_MUM,S3,2197,2106,22,8,2,3,20,5,8,2113.7,2106,0,248.0,188.0,11.2,0.9963,0.1667,49957.6,23.72
1093,2026-07-12,FC_HYD,S1,2560,2560,21,8,1,2,20,6,6,2561.8,2560,0,238.0,193.2,13.25,0.9993,0.1034,40242.0,15.72
1094,2026-07-12,FC_HYD,S2,2902,2800,24,9,1,0,23,9,0,2881.5,2800,0,264.0,230.4,12.15,0.9717,0.0303,45435.36,16.23
1095,2026-07-12,FC_HYD,S3,1815,1859,17,6,1,0,16,6,9,1866.5,1859,0,193.0,167.4,11.11,0.996,0.0435,36162.5,19.45
1096,2026-07-13,FC_BLR,S1,2596,2488,22,8,0,1,22,7,0,2766.2,2488,0,240.0,208.8,11.92,0.8994,0.0333,41504.0,16.68
1097,2026-07-13,FC_BLR,S2,3007,2981,25,9,0,0,25,9,0,3177.8,2981,0,272.0,244.8,12.18,0.9381,0.0,48434.72,16.25
1098,2026-07-13,FC_BLR,S3,1983,1905,18,7,3,0,15,7,11,1905.3,1905,0,211.0,169.4,11.25,0.9998,0.12,41146.6,21.6
1099,2026-07-13,FC_DEL,S1,3298,2969,30,10,3,2,27,8,0,3274.0,2969,0,320.0,252.0,11.78,0.9069,0.125,56640.0,19.08
1100,2026-07-13,FC_DEL,S2,3115,3066,27,10,1,0,26,10,0,3123.2,3066,0,296.0,259.2,11.83,0.9817,0.027,54136.8,17.66
1101,2026-07-13,FC_DEL,S3,2001,1991,19,7,0,1,19,6,0,2057.0,1991,0,208.0,180.0,11.06,0.9679,0.0385,40620.8,20.4
1102,2026-07-13,FC_KOL,S1,1866,1891,18,6,1,0,17,6,0,2213.7,1891,0,192.0,165.6,11.42,0.8542,0.0417,31152.0,16.47
1103,2026-07-13,FC_KOL,S2,1999,2186,18,7,1,1,17,6,29,2188.4,2186,0,229.0,194.6,11.23,0.9989,0.08,40627.32,18.59
1104,2026-07-13,FC_KOL,S3,1363,1487,13,5,0,0,13,5,14,1491.7,1487,0,158.0,143.6,10.36,0.9969,0.0,29444.8,19.8
1105,2026-07-13,FC_MUM,S1,2304,2423,20,7,3,0,17,7,16,2429.5,2423,0,232.0,188.8,12.83,0.9973,0.1111,43144.0,17.81
1106,2026-07-13,FC_MUM,S2,3444,3275,32,11,0,0,32,11,0,3667.7,3275,0,344.0,309.6,10.58,0.8929,0.0,63835.28,19.49
1107,2026-07-13,FC_MUM,S3,1824,1816,18,6,0,0,18,6,1,1822.4,1816,0,193.0,173.8,10.45,0.9965,0.0,38305.3,21.09
1108,2026-07-13,FC_HYD,S1,2132,2242,18,6,1,2,17,4,13,2247.7,2242,0,205.0,164.2,13.65,0.9974,0.125,35127.0,15.67
1109,2026-07-13,FC_HYD,S2,2547,2618,24,8,0,1,24,7,0,2779.5,2618,0,256.0,223.2,11.73,0.9419,0.0312,43902.72,16.77
1110,2026-07-13,FC_HYD,S3,1582,1456,16,6,2,1,14,5,0,1538.3,1456,0,176.0,136.8,10.64,0.9465,0.1364,32348.8,22.22
1111,2026-07-14,FC_BLR,S1,2912,2850,24,9,0,0,24,9,0,3248.1,2850,0,264.0,237.6,11.99,0.8774,0.0,45696.0,16.03
1112,2026-07-14,FC_BLR,S2,3118,2982,26,9,1,2,25,7,0,3023.1,2982,0,280.0,230.4,12.94,0.9864,0.0857,49802.56,16.7
1113,2026-07-14,FC_BLR,S3,1909,1914,17,6,1,0,16,6,14,1918.4,1914,0,198.0,172.4,11.1,0.9977,0.0435,38821.2,20.28
1114,2026-07-14,FC_DEL,S1,2917,3026,26,9,1,0,25,9,0,3059.1,3026,0,280.0,244.8,12.36,0.9892,0.0286,49616.0,16.4
1115,2026-07-14,FC_DEL,S2,3210,3298,29,10,1,1,28,9,6,3304.2,3298,0,318.0,272.4,12.11,0.9981,0.0513,58532.84,17.75
1116,2026-07-14,FC_DEL,S3,1817,1983,18,7,0,1,18,6,0,2007.2,1983,0,200.0,172.8,11.48,0.9879,0.04,39124.8,19.73
1117,2026-07-14,FC_KOL,S1,1971,2016,18,6,1,1,17,5,12,2024.8,2016,0,204.0,170.4,11.83,0.9956,0.0833,33984.0,16.86
1118,2026-07-14,FC_KOL,S2,2349,2399,21,8,3,0,18,8,30,2400.5,2399,0,262.0,217.2,11.05,0.9994,0.1034,46218.16,19.27
1119,2026-07-14,FC_KOL,S3,1469,1474,15,5,1,1,14,4,9,1479.3,1474,0,169.0,138.6,10.63,0.9964,0.1,30892.4,20.96
1120,2026-07-14,FC_MUM,S1,2603,2651,24,8,0,0,24,8,0,2922.5,2651,0,256.0,230.4,11.51,0.9071,0.0,46080.0,17.38
1121,2026-07-14,FC_MUM,S2,2990,2816,27,10,1,1,26,9,0,3011.0,2816,0,296.0,252.0,11.17,0.9353,0.0541,55051.44,19.55
1122,2026-07-14,FC_MUM,S3,1569,1741,17,6,0,0,17,6,0,1866.6,1741,0,184.0,165.6,10.51,0.9327,0.0,36493.6,20.96
1123,2026-07-14,FC_HYD,S1,2286,2141,18,7,1,0,17,7,0,2194.3,2141,0,200.0,172.8,12.39,0.9757,0.04,33456.0,15.63
1124,2026-07-14,FC_HYD,S2,2807,2493,24,9,1,0,23,9,0,2946.8,2493,0,264.0,230.4,10.82,0.846,0.0303,45435.36,18.23
1125,2026-07-14,FC_HYD,S3,1686,1748,17,6,1,0,16,6,1,1754.4,1748,0,185.0,159.4,10.97,0.9964,0.0435,34024.1,19.46
1126,2026-07-15,FC_BLR,S1,2919,2952,25,9,2,0,23,9,0,2952.2,2952,0,272.0,230.4,12.81,0.9999,0.0588,47024.0,15.93
1127,2026-07-15,FC_BLR,S2,4464,4035,39,14,1,1,38,13,0,4515.0,4035,0,424.0,367.2,10.99,0.8937,0.0377,75494.88,18.71
1128,2026-07-15,FC_BLR,S3,2262,2328,21,8,1,0,20,8,0,2332.9,2328,0,232.0,201.6,11.55,0.9979,0.0345,44193.6,18.98
1129,2026-07-15,FC_DEL,S1,3005,3202,27,9,0,0,27,9,0,3362.1,3202,0,288.0,259.2,12.35,0.9524,0.0,50976.0,15.92
1130,2026-07-15,FC_DEL,S2,4082,4074,37,13,0,0,37,13,0,4439.0,4074,0,400.0,360.0,11.32,0.9178,0.0,73039.36,17.93
1131,2026-07-15,FC_DEL,S3,2497,2382,24,9,1,0,23,9,0,2640.4,2382,0,264.0,230.4,10.34,0.9021,0.0303,51585.6,21.66
1132,2026-07-15,FC_KOL,S1,3020,2527,27,9,1,2,26,7,0,2943.7,2527,0,288.0,237.6,10.64,0.8584,0.0833,46728.0,18.49
1133,2026-07-15,FC_KOL,S2,2768,2803,27,9,1,0,26,9,5,2979.4,2803,0,293.0,257.0,10.91,0.9408,0.0278,49345.24,17.6
1134,2026-07-15,FC_KOL,S3,1751,1705,18,7,1,1,17,6,0,1814.3,1705,0,200.0,165.6,10.3,0.9398,0.08,35860.0,21.03
1135,2026-07-15,FC_MUM,S1,2739,2914,24,9,1,2,23,7,4,2914.9,2914,0,268.0,220.0,13.25,0.9997,0.0909,48740.0,16.73
1136,2026-07-15,FC_MUM,S2,3583,3818,32,11,3,1,29,10,21,3822.2,3818,0,365.0,301.8,12.65,0.9989,0.093,69523.97,18.21
1137,2026-07-15,FC_MUM,S3,1896,2072,18,7,0,0,18,7,0,2094.6,2072,0,200.0,180.0,11.51,0.9892,0.0,39784.8,19.2
1138,2026-07-15,FC_HYD,S1,2387,2707,19,7,1,1,18,6,36,2682.7,2682,25,244.0,208.8,12.84,0.9997,0.0769,43484.0,16.21
1139,2026-07-15,FC_HYD,S2,3370,3219,30,11,2,1,28,10,0,3594.9,3219,0,328.0,273.6,11.77,0.8954,0.0732,56411.04,17.52
1140,2026-07-15,FC_HYD,S3,1842,1987,17,6,0,1,17,5,11,1995.4,1987,0,195.0,169.4,11.73,0.9958,0.0435,36697.1,18.47
1141,2026-07-16,FC_BLR,S1,3432,3217,30,11,0,1,30,10,0,3606.4,3217,0,328.0,288.0,11.17,0.892,0.0244,56736.0,17.64
1142,2026-07-16,FC_BLR,S2,3957,3981,33,12,2,4,31,8,36,3989.5,3981,0,396.0,316.8,12.57,0.9979,0.1333,73393.68,18.44
1143,2026-07-16,FC_BLR,S3,2072,2242,19,7,0,0,19,7,1,2244.5,2242,0,209.0,188.2,11.91,0.9989,0.0,39857.4,17.78
1144,2026-07-16,FC_DEL,S1,3635,3533,32,11,2,1,30,10,0,3625.3,3533,0,344.0,288.0,12.27,0.9745,0.0698,60944.0,17.25
1145,2026-07-16,FC_DEL,S2,4198,4032,37,13,1,1,36,12,0,4336.5,4032,0,400.0,345.6,11.67,0.9298,0.04,73039.36,18.11
1146,2026-07-16,FC_DEL,S3,2276,2594,22,8,2,1,20,7,36,2488.2,2488,106,276.0,230.4,10.8,0.9999,0.1,57068.0,22.94
1147,2026-07-16,FC_KOL,S1,2653,2351,24,9,3,0,21,9,0,2713.2,2351,0,264.0,216.0,10.88,0.8665,0.0909,42984.0,18.28
1148,2026-07-16,FC_KOL,S2,2680,2652,26,9,1,1,25,8,0,2950.8,2652,0,280.0,237.6,11.16,0.8988,0.0571,46844.4,17.66
1149,2026-07-16,FC_KOL,S3,1525,1730,16,6,1,0,15,6,11,1732.8,1730,0,187.0,162.2,10.67,0.9984,0.0455,34377.2,19.87
1150,2026-07-16,FC_MUM,S1,3041,2913,27,10,2,0,25,10,0,3295.8,2913,0,296.0,252.0,11.56,0.8838,0.0541,53448.0,18.35
1151,2026-07-16,FC_MUM,S2,3150,3367,27,10,2,0,25,10,31,3370.8,3367,0,327.0,283.0,11.9,0.9989,0.0541,63449.03,18.84
1152,2026-07-16,FC_MUM,S3,2274,2225,23,8,0,1,23,7,6,2609.4,2225,0,254.0,222.0,10.02,0.8527,0.0323,50901.4,22.88
1153,2026-07-16,FC_HYD,S1,2450,2630,20,7,2,1,18,6,36,2608.6,2608,22,252.0,208.8,12.49,0.9998,0.1111,44764.0,17.16
1154,2026-07-16,FC_HYD,S2,2976,2997,27,9,2,0,25,9,0,3075.6,2997,0,288.0,244.8,12.24,0.9744,0.0556,49390.56,16.48
1155,2026-07-16,FC_HYD,S3,2098,2051,19,7,0,2,19,5,0,2060.2,2051,0,208.0,172.8,11.87,0.9955,0.0769,38209.6,18.63
1156,2026-07-17,FC_BLR,S1,3052,2960,26,9,0,0,26,9,0,3229.2,2960,0,280.0,252.0,11.75,0.9166,0.0,48352.0,16.34
1157,2026-07-17,FC_BLR,S2,3322,3528,28,10,1,0,27,10,29,3537.3,3528,0,333.0,295.4,11.94,0.9974,0.0263,61587.82,17.46
1158,2026-07-17,FC_BLR,S3,2328,2216,24,8,1,1,23,7,0,2606.4,2216,0,256.0,216.0,10.26,0.8502,0.0625,48576.0,21.92
1159,2026-07-17,FC_DEL,S1,3002,3070,27,9,1,0,26,9,0,3253.5,3070,0,288.0,252.0,12.18,0.9436,0.0278,50976.0,16.6
1160,2026-07-17,FC_DEL,S2,3798,3690,33,12,0,1,33,11,0,4027.0,3690,0,360.0,316.8,11.65,0.9163,0.0222,65804.64,17.83
1161,2026-07-17,FC_DEL,S3,1976,2375,20,7,0,0,20,7,25,2382.0,2375,0,241.0,219.4,10.82,0.997,0.0,49211.8,20.72
1162,2026-07-17,FC_KOL,S1,2535,2471,23,8,0,0,23,8,0,2679.4,2471,0,248.0,223.2,11.07,0.9222,0.0,40288.0,16.3
1163,2026-07-17,FC_KOL,S2,2870,2589,27,9,2,1,25,8,0,2779.4,2589,0,288.0,237.6,10.9,0.9315,0.0833,48129.84,18.59
1164,2026-07-17,FC_KOL,S3,1603,1705,16,6,0,0,16,6,2,1754.2,1705,0,178.0,160.4,10.63,0.972,0.0,32040.8,18.79
1165,2026-07-17,FC_MUM,S1,3288,2921,28,10,1,2,27,8,0,3176.4,2921,0,304.0,252.0,11.59,0.9196,0.0789,54832.0,18.77
1166,2026-07-17,FC_MUM,S2,3546,3634,31,11,3,1,28,10,36,3598.5,3598,36,372.0,309.6,11.62,0.9999,0.0952,72161.8,20.06
1167,2026-07-17,FC_MUM,S3,2264,2119,21,8,0,0,21,8,0,2351.2,2119,0,232.0,208.8,10.15,0.9012,0.0,46120.8,21.77
1168,2026-07-17,FC_HYD,S1,2307,2331,20,7,1,0,19,7,0,2359.8,2331,0,216.0,187.2,12.45,0.9878,0.037,36016.0,15.45
1169,2026-07-17,FC_HYD,S2,3325,3052,29,10,1,0,28,10,0,3524.9,3052,0,312.0,273.6,11.15,0.8658,0.0256,53560.0,17.55
1170,2026-07-17,FC_HYD,S3,2078,1968,21,7,1,0,20,7,0,2362.0,1968,0,224.0,194.4,10.12,0.8332,0.0357,41025.6,20.85
1171,2026-07-18,FC_BLR,S1,3166,3260,27,9,0,0,27,9,0,3491.5,3260,0,288.0,259.2,12.58,0.9337,0.0,49680.0,15.24
1172,2026-07-18,FC_BLR,S2,3643,4014,32,11,1,1,31,10,16,4022.6,4014,0,360.0,311.2,12.9,0.9979,0.0465,65293.76,16.27
1173,2026-07-18,FC_BLR,S3,2375,2321,22,8,0,1,22,7,0,2512.5,2321,0,240.0,208.8,11.12,0.9238,0.0333,45654.4,19.67
1174,2026-07-18,FC_DEL,S1,4111,3736,34,12,3,1,31,11,0,4139.9,3736,0,368.0,302.4,12.35,0.9024,0.087,65248.0,17.46
1175,2026-07-18,FC_DEL,S2,4324,4056,38,14,1,0,37,14,2,4365.0,4056,0,418.0,369.2,10.99,0.9292,0.0192,76603.16,18.89
1176,2026-07-18,FC_DEL,S3,2573,2608,26,9,2,0,24,9,3,2716.4,2608,0,283.0,240.6,10.84,0.9601,0.0571,55429.0,21.25
1177,2026-07-18,FC_KOL,S1,3108,2742,27,10,0,1,27,9,0,3162.5,2742,0,296.0,259.2,10.58,0.867,0.027,48176.0,17.57
1178,2026-07-18,FC_KOL,S2,2792,2759,27,9,2,2,25,7,0,2814.6,2759,0,288.0,230.4,11.97,0.9803,0.1111,48129.84,17.44
1179,2026-07-18,FC_KOL,S3,1758,1828,19,7,1,0,18,7,0,1954.1,1828,0,208.0,180.0,10.16,0.9355,0.0385,37232.8,20.37
1180,2026-07-18,FC_MUM,S1,3252,3377,28,10,1,0,27,10,2,3383.6,3377,0,306.0,268.4,12.58,0.998,0.0263,55358.0,16.39
1181,2026-07-18,FC_MUM,S2,3638,3789,33,12,0,0,33,12,5,4058.7,3789,0,365.0,329.0,11.52,0.9336,0.0,68271.49,18.02
1182,2026-07-18,FC_MUM,S3,2435,2080,24,8,1,0,23,8,0,2500.7,2080,0,256.0,223.2,9.32,0.8318,0.0312,50688.0,24.37
1183,2026-07-18,FC_HYD,S1,3019,2942,25,9,2,1,23,8,0,3157.6,2942,0,272.0,223.2,13.18,0.9317,0.0882,45392.0,15.43
1184,2026-07-18,FC_HYD,S2,3541,3350,32,11,1,0,31,11,0,3990.0,3350,0,344.0,302.4,11.08,0.8396,0.0233,59047.84,17.63
1185,2026-07-18,FC_HYD,S3,2282,2127,24,8,1,0,23,8,0,2515.0,2127,0,256.0,223.2,9.53,0.8457,0.0312,46886.4,22.04
1186,2026-07-19,FC_BLR,S1,3785,3422,32,11,1,1,31,10,0,3971.8,3422,0,344.0,295.2,11.59,0.8616,0.0465,59392.0,17.36
1187,2026-07-19,FC_BLR,S2,3322,3367,28,10,3,1,25,9,22,3372.5,3367,0,326.0,266.8,12.62,0.9984,0.1053,59785.32,17.76
1188,2026-07-19,FC_BLR,S3,2362,2354,21,8,0,1,21,7,0,2360.6,2354,0,232.0,201.6,11.68,0.9972,0.0345,44193.6,18.77
1189,2026-07-19,FC_DEL,S1,3283,3190,29,10,0,0,29,10,0,3685.9,3190,0,312.0,280.8,11.36,0.8655,0.0,55280.0,17.33
1190,2026-07-19,FC_DEL,S2,4210,3865,38,14,2,0,36,14,0,4492.6,3865,0,416.0,360.0,10.74,0.8603,0.0385,76071.68,19.68
1191,2026-07-19,FC_DEL,S3,2626,2516,25,9,0,2,25,7,0,2748.7,2516,0,272.0,230.4,10.92,0.9154,0.0588,53081.6,21.1
1192,2026-07-19,FC_KOL,S1,2500,2233,21,8,2,0,19,8,6,2493.1,2233,0,238.0,200.4,11.14,0.8957,0.069,39208.0,17.56
1193,2026-07-19,FC_KOL,S2,3022,2835,28,10,1,0,27,10,0,3020.0,2835,0,304.0,266.4,10.64,0.9387,0.0263,50906.72,17.96
1194,2026-07-19,FC_KOL,S3,1748,1607,18,7,0,0,18,7,0,2044.1,1607,0,200.0,180.0,8.93,0.7862,0.0,35860.0,22.31
1195,2026-07-19,FC_MUM,S1,2791,2989,24,8,1,1,23,7,23,2992.5,2989,0,279.0,239.0,12.51,0.9988,0.0625,52129.0,17.44
1196,2026-07-19,FC_MUM,S2,3015,3215,28,10,0,0,28,10,2,3216.5,3215,0,306.0,275.6,11.67,0.9995,0.0,57018.74,17.74
1197,2026-07-19,FC_MUM,S3,2021,2252,20,7,1,0,19,7,24,2258.0,2252,0,240.0,211.2,10.66,0.9974,0.037,49772.8,22.1
1198,2026-07-19,FC_HYD,S1,2606,2628,23,8,0,1,23,7,0,2900.7,2628,0,248.0,216.0,12.17,0.906,0.0323,41344.0,15.73
1199,2026-07-19,FC_HYD,S2,2875,2836,25,9,2,1,23,8,7,2842.7,2836,0,279.0,230.2,12.32,0.9976,0.0882,48505.79,17.1
1200,2026-07-19,FC_HYD,S3,2062,1979,21,7,3,0,18,7,0,2113.2,1979,0,224.0,180.0,10.99,0.9365,0.1071,41025.6,20.73
1201,2026-07-20,FC_BLR,S1,2726,2588,24,9,1,0,23,9,0,2941.3,2588,0,264.0,230.4,11.23,0.8799,0.0303,45696.0,17.66
1202,2026-07-20,FC_BLR,S2,3358,2886,29,10,2,1,27,9,0,3331.6,2886,0,312.0,259.2,11.13,0.8662,0.0769,55488.16,19.23
1203,2026-07-20,FC_BLR,S3,1644,1707,16,6,1,0,15,6,0,1791.6,1707,0,176.0,151.2,11.29,0.9528,0.0455,33510.4,19.63
1204,2026-07-20,FC_DEL,S1,2971,3153,26,9,0,1,26,8,1,3159.5,3153,0,281.0,245.8,12.83,0.9979,0.0286,49874.0,15.82
1205,2026-07-20,FC_DEL,S2,3542,3381,32,11,0,1,32,10,0,3995.7,3381,0,344.0,302.4,11.18,0.8462,0.0233,62772.32,18.57
1206,2026-07-20,FC_DEL,S3,1804,2015,17,6,1,2,16,4,27,2015.2,2015,0,211.0,171.0,11.78,0.9999,0.1304,43549.0,21.61
1207,2026-07-20,FC_KOL,S1,1835,1875,16,6,1,1,15,5,8,1878.8,1875,0,184.0,152.0,12.34,0.998,0.0909,30544.0,16.29
1208,2026-07-20,FC_KOL,S2,2130,2198,20,7,2,0,18,7,4,2203.8,2198,0,220.0,184.0,11.95,0.9974,0.0741,37121.2,16.89
1209,2026-07-20,FC_KOL,S3,1445,1322,14,5,1,0,13,5,0,1440.1,1322,0,152.0,129.6,10.2,0.918,0.0526,27183.2,20.56
1210,2026-07-20,FC_MUM,S1,2602,2600,23,8,0,1,23,7,0,2717.3,2600,0,248.0,216.0,12.04,0.9568,0.0323,44696.0,17.19
1211,2026-07-20,FC_MUM,S2,3339,3104,30,11,3,0,27,11,0,3401.5,3104,0,328.0,273.6,11.35,0.9125,0.0732,60984.24,19.65
1212,2026-07-20,FC_MUM,S3,1613,1790,16,6,2,0,14,6,25,1795.3,1790,0,201.0,169.0,10.59,0.9971,0.0909,42203.7,23.58
1213,2026-07-20,FC_HYD,S1,2201,2373,18,7,3,1,15,6,36,2335.1,2335,38,236.0,187.2,12.47,1.0,0.16,42204.0,18.07
1214,2026-07-20,FC_HYD,S2,2471,2501,21,7,1,0,20,7,3,2510.3,2501,0,227.0,197.4,12.67,0.9963,0.0357,39165.75,15.66
1215,2026-07-20,FC_HYD,S3,1680,1594,18,6,1,0,17,6,0,1923.8,1594,0,192.0,165.6,9.63,0.8286,0.0417,35164.8,22.06
1216,2026-07-21,FC_BLR,S1,2435,2552,20,7,0,1,20,6,7,2554.3,2552,0,223.0,194.2,13.14,0.9991,0.037,39062.0,15.31
1217,2026-07-21,FC_BLR,S2,3074,2843,27,9,4,0,23,9,0,2985.7,2843,0,288.0,230.4,12.34,0.9522,0.1111,51170.4,18.0
1218,2026-07-21,FC_BLR,S3,1971,2098,18,7,1,0,17,7,14,2102.9,2098,0,214.0,186.8,11.23,0.9977,0.04,41971.6,20.01
1219,2026-07-21,FC_DEL,S1,3079,3019,27,9,2,0,25,9,0,3341.7,3019,0,288.0,244.8,12.33,0.9034,0.0556,50976.0,16.89
1220,2026-07-21,FC_DEL,S2,3598,3249,31,11,0,2,31,9,0,3561.9,3249,0,336.0,288.0,11.28,0.9121,0.0476,61371.52,18.89
1221,2026-07-21,FC_DEL,S3,1932,1977,18,7,1,0,17,7,1,1979.7,1977,0,201.0,173.8,11.38,0.9986,0.04,39408.6,19.93
1222,2026-07-21,FC_KOL,S1,2346,2206,21,7,1,0,20,7,0,2325.7,2206,0,224.0,194.4,11.35,0.9485,0.0357,36344.0,16.48
1223,2026-07-21,FC_KOL,S2,1820,2218,16,6,1,0,15,6,36,2099.7,2099,119,212.0,187.2,11.21,0.9997,0.0455,38266.56,18.23
1224,2026-07-21,FC_KOL,S3,1314,1297,14,5,1,0,13,5,0,1319.5,1297,0,152.0,129.6,10.01,0.9829,0.0526,27183.2,20.96
1225,2026-07-21,FC_MUM,S1,2573,2678,22,8,1,0,21,8,1,2680.4,2678,0,241.0,209.8,12.76,0.9991,0.0333,43575.0,16.27
1226,2026-07-21,FC_MUM,S2,3247,3080,29,10,0,0,29,10,0,3248.1,3080,0,312.0,280.8,10.97,0.9483,0.0,57902.48,18.8
1227,2026-07-21,FC_MUM,S3,1851,1879,20,7,0,2,20,5,4,2222.3,1879,0,220.0,184.0,10.21,0.8455,0.0741,43986.8,23.41
1228,2026-07-21,FC_HYD,S1,2245,2072,20,7,2,2,18,5,0,2254.0,2072,0,216.0,165.6,12.51,0.9193,0.1481,36016.0,17.38
1229,2026-07-21,FC_HYD,S2,2122,2312,18,7,0,2,18,5,19,2320.5,2312,0,219.0,184.6,12.52,0.9963,0.08,39215.19,16.96
1230,2026-07-21,FC_HYD,S3,1630,1820,17,6,0,3,17,3,14,1824.7,1820,0,198.0,158.0,11.52,0.9974,0.1304,37499.0,20.6
1231,2026-07-22,FC_BLR,S1,2906,2902,26,9,3,2,23,7,0,2938.3,2902,0,280.0,216.0,13.44,0.9877,0.1429,48352.0,16.66
1232,2026-07-22,FC_BLR,S2,3073,3274,27,9,3,0,24,9,33,3278.8,3274,0,321.0,270.6,12.1,0.9985,0.0833,59667.9,18.22
1233,2026-07-22,FC_BLR,S3,2091,2097,21,7,1,0,20,7,0,2334.8,2097,0,224.0,194.4,10.79,0.8981,0.0357,42504.0,20.27
1234,2026-07-22,FC_DEL,S1,2886,2940,26,9,2,0,24,9,0,2963.5,2940,0,280.0,237.6,12.37,0.9921,0.0571,49616.0,16.88
1235,2026-07-22,FC_DEL,S2,3523,3647,32,11,3,4,29,7,36,3475.5,3475,172,380.0,295.2,11.77,0.9999,0.1628,72338.96,20.82
1236,2026-07-22,FC_DEL,S3,2626,2328,27,9,1,0,26,9,0,2873.4,2328,0,288.0,252.0,9.24,0.8102,0.0278,56073.6,24.09
1237,2026-07-22,FC_KOL,S1,2056,2310,19,7,0,1,19,6,4,2311.7,2310,0,212.0,184.0,12.55,0.9993,0.0385,34792.0,15.06
1238,2026-07-22,FC_KOL,S2,2425,2484,23,8,0,1,23,7,0,2507.0,2484,0,248.0,216.0,11.5,0.9908,0.0323,41496.64,16.71
1239,2026-07-22,FC_KOL,S3,1481,1518,15,5,1,0,14,5,4,1561.1,1518,0,164.0,140.8,10.78,0.9724,0.05,29594.4,19.5
1240,2026-07-22,FC_MUM,S1,2316,2811,21,7,1,0,20,7,36,2819.3,2811,0,260.0,230.4,12.2,0.9971,0.0357,49788.0,17.71
1241,2026-07-22,FC_MUM,S2,2812,3259,25,9,0,0,25,9,17,3263.0,3259,0,289.0,261.8,12.45,0.9988,0.0,55149.29,16.92
1242,2026-07-22,FC_MUM,S3,1955,1850,20,7,3,1,17,6,3,1854.8,1850,0,219.0,168.6,10.97,0.9974,0.1481,43697.5,23.62
1243,2026-07-22,FC_HYD,S1,2722,2589,24,8,1,0,23,8,0,2847.3,2589,0,256.0,223.2,11.6,0.9093,0.0312,42624.0,16.46
1244,2026-07-22,FC_HYD,S2,2433,2487,21,8,1,0,20,8,0,2615.0,2487,0,232.0,201.6,12.34,0.951,0.0345,39947.52,16.06
1245,2026-07-22,FC_HYD,S3,1693,1704,17,6,3,1,14,5,16,1709.6,1704,0,200.0,152.8,11.15,0.9967,0.1739,38033.6,22.32
1246,2026-07-23,FC_BLR,S1,2729,2726,24,8,2,1,22,7,2,2727.1,2726,0,258.0,210.8,12.93,0.9996,0.0938,44660.0,16.38
1247,2026-07-23,FC_BLR,S2,2985,3422,25,9,3,0,22,9,36,3037.5,3037,385,308.0,259.2,11.72,0.9998,0.0882,57704.72,19.0
1248,2026-07-23,FC_BLR,S3,1901,2058,18,7,1,1,17,6,4,2063.4,2058,0,204.0,169.6,12.13,0.9974,0.08,39221.6,19.06
1249,2026-07-23,FC_DEL,S1,2905,3085,27,9,0,0,27,9,0,3459.6,3085,0,288.0,259.2,11.9,0.8917,0.0,50976.0,16.52
1250,2026-07-23,FC_DEL,S2,3813,3831,34,12,1,0,33,12,0,4045.6,3831,0,368.0,324.0,11.82,0.947,0.0217,67205.44,17.54
1251,2026-07-23,FC_DEL,S3,2288,2063,23,8,0,1,23,7,0,2578.2,2063,0,248.0,216.0,9.55,0.8002,0.0323,48347.2,23.44
1252,2026-07-23,FC_KOL,S1,2247,2187,21,7,0,1,21,6,0,2362.9,2187,0,224.0,194.4,11.25,0.9256,0.0357,36344.0,16.62
1253,2026-07-23,FC_KOL,S2,2087,2412,20,7,1,0,19,7,20,2419.3,2412,0,236.0,207.2,11.64,0.997,0.037,41010.48,17.0
1254,2026-07-23,FC_KOL,S3,1430,1570,16,5,0,0,16,5,0,1652.6,1570,0,168.0,151.2,10.38,0.95,0.0,29928.8,19.06
1255,2026-07-23,FC_MUM,S1,2476,2667,22,8,1,0,21,8,0,2721.3,2667,0,240.0,208.8,12.77,0.9801,0.0333,43312.0,16.24
1256,2026-07-23,FC_MUM,S2,3350,3503,30,11,3,0,27,11,36,3315.1,3315,188,364.0,309.6,10.71,1.0,0.0732,70736.28,21.34
1257,2026-07-23,FC_MUM,S3,2087,2121,21,7,1,0,20,7,0,2177.5,2121,0,224.0,194.4,10.91,0.9741,0.0357,44352.0,20.91
1258,2026-07-23,FC_HYD,S1,2034,2203,18,7,3,1,15,6,17,2208.1,2203,0,217.0,168.2,13.1,0.9977,0.16,37587.0,17.06
1259,2026-07-23,FC_HYD,S2,2380,2661,22,8,0,2,22,6,20,2668.8,2661,0,260.0,221.6,12.01,0.9971,0.0667,46271.72,17.39
1260,2026-07-23,FC_HYD,S3,1869,1814,19,7,0,0,19,7,0,2106.6,1814,0,208.0,187.2,9.69,0.8611,0.0,38209.6,21.06
1261,2026-07-24,FC_BLR,S1,3621,3365,30,10,1,0,29,10,0,3440.2,3365,0,320.0,280.8,11.98,0.9781,0.025,55200.0,16.4
1262,2026-07-24,FC_BLR,S2,3718,3720,32,11,1,1,31,10,8,3721.9,3720,0,352.0,303.2,12.27,0.9995,0.0465,63233.76,17.0
1263,2026-07-24,FC_BLR,S3,2229,2111,21,7,2,1,19,6,6,2113.8,2111,0,230.0,186.0,11.35,0.9987,0.1071,44154.0,20.92
1264,2026-07-24,FC_DEL,S1,2862,3203,25,9,0,0,25,9,7,3211.2,3203,0,279.0,251.8,12.72,0.9975,0.0,50062.0,15.63
1265,2026-07-24,FC_DEL,S2,4016,3861,37,13,2,1,35,12,0,4178.1,3861,0,400.0,338.4,11.41,0.9241,0.06,73039.36,18.92
1266,2026-07-24,FC_DEL,S3,2204,2386,21,8,2,0,19,8,11,2389.5,2386,0,243.0,205.4,11.62,0.9985,0.069,48477.0,20.32
1267,2026-07-24,FC_KOL,S1,2050,2128,18,7,1,0,17,7,5,2131.6,2128,0,205.0,177.8,11.97,0.9983,0.04,33780.0,15.87
1268,2026-07-24,FC_KOL,S2,2728,2721,26,9,0,1,26,8,3,2983.1,2721,0,283.0,247.8,10.98,0.9121,0.0286,47573.64,17.48
1269,2026-07-24,FC_KOL,S3,1877,1833,18,7,1,0,17,7,5,1839.0,1833,0,205.0,177.8,10.31,0.9967,0.04,37158.0,20.27
1270,2026-07-24,FC_MUM,S1,3255,3238,27,10,1,0,26,10,4,3456.3,3238,0,300.0,263.2,12.3,0.9368,0.027,54500.0,16.83
1271,2026-07-24,FC_MUM,S2,3996,3630,36,12,1,3,35,9,0,4073.0,3630,0,384.0,316.8,11.46,0.8912,0.0833,71193.6,19.61
1272,2026-07-24,FC_MUM,S3,2188,2157,22,8,1,0,21,8,0,2321.0,2157,0,240.0,208.8,10.33,0.9293,0.0333,47643.2,22.09
1273,2026-07-24,FC_HYD,S1,2658,2462,24,8,0,0,24,8,0,2916.7,2462,0,256.0,230.4,10.69,0.8441,0.0,42624.0,17.31
1274,2026-07-24,FC_HYD,S2,3218,3216,28,10,1,1,27,9,0,3249.9,3216,0,304.0,259.2,12.41,0.9896,0.0526,52241.6,16.24
1275,2026-07-24,FC_HYD,S3,1932,1813,19,7,1,0,18,7,0,2160.4,1813,0,208.0,180.0,10.07,0.8392,0.0385,38209.6,21.08
1276,2026-07-25,FC_BLR,S1,3633,3797,31,11,0,2,31,9,10,3801.9,3797,0,346.0,298.0,12.74,0.9987,0.0476,60564.0,15.95
1277,2026-07-25,FC_BLR,S2,3614,4062,32,11,1,0,31,11,27,4065.1,4062,0,371.0,329.4,12.33,0.9992,0.0233,68126.26,16.77
1278,2026-07-25,FC_BLR,S3,2370,2346,22,8,1,2,21,6,8,2352.8,2346,0,248.0,202.4,11.59,0.9971,0.1,47854.4,20.4
1279,2026-07-25,FC_DEL,S1,4629,4188,40,14,1,2,39,12,0,4962.6,4188,0,432.0,367.2,11.41,0.8439,0.0556,76576.0,18.28
1280,2026-07-25,FC_DEL,S2,4429,4250,40,14,2,2,38,12,0,4461.1,4250,0,432.0,360.0,11.81,0.9527,0.0741,78873.28,18.56
1281,2026-07-25,FC_DEL,S3,3071,3022,30,11,0,2,30,9,0,3319.4,3022,0,328.0,280.8,10.76,0.9104,0.0488,64046.4,21.19
1282,2026-07-25,FC_KOL,S1,2514,2583,23,8,1,0,22,8,10,2586.9,2583,0,258.0,226.0,11.43,0.9985,0.0323,42648.0,16.51
1283,2026-07-25,FC_KOL,S2,3444,3212,32,11,0,0,32,11,0,3424.5,3212,0,344.0,309.6,10.37,0.9379,0.0,57539.92,17.91
1284,2026-07-25,FC_KOL,S3,1865,2011,20,7,0,0,20,7,0,2175.2,2011,0,216.0,194.4,10.34,0.9245,0.0,38605.6,19.2
1285,2026-07-25,FC_MUM,S1,4011,3748,36,12,2,0,34,12,0,4032.8,3748,0,384.0,331.2,11.32,0.9294,0.0417,69120.0,18.44
1286,2026-07-25,FC_MUM,S2,3679,3796,34,12,1,1,33,11,0,4148.2,3796,0,368.0,316.8,11.98,0.9151,0.0435,68342.56,18.0
1287,2026-07-25,FC_MUM,S3,2865,2692,30,10,0,1,30,9,0,3158.4,2692,0,320.0,280.8,9.59,0.8523,0.025,63360.0,23.54
1288,2026-07-25,FC_HYD,S1,2975,2918,25,9,2,1,23,8,0,2978.1,2918,0,272.0,223.2,13.07,0.9798,0.0882,45392.0,15.56
1289,2026-07-25,FC_HYD,S2,3545,3567,31,11,2,1,29,10,9,3571.6,3567,0,345.0,289.8,12.31,0.9987,0.0714,59982.05,16.82
1290,2026-07-25,FC_HYD,S3,2007,2235,18,7,1,0,17,7,27,2241.0,2235,0,227.0,199.8,11.19,0.9973,0.04,44018.7,19.7
1291,2026-07-26,FC_BLR,S1,3058,3103,24,9,1,0,23,9,14,3103.7,3103,0,278.0,244.4,12.7,0.9998,0.0303,49196.0,15.85
1292,2026-07-26,FC_BLR,S2,4037,3981,36,12,1,0,35,12,0,4339.0,3981,0,384.0,338.4,11.76,0.9175,0.0208,68227.2,17.14
1293,2026-07-26,FC_BLR,S3,2561,2292,26,9,1,0,25,9,0,2802.4,2292,0,280.0,244.8,9.36,0.8179,0.0286,53187.2,23.21
1294,2026-07-26,FC_DEL,S1,3815,3892,34,12,3,3,31,9,12,3898.1,3892,0,380.0,300.0,12.97,0.9984,0.1304,68344.0,17.56
1295,2026-07-26,FC_DEL,S2,4553,4606,41,14,2,2,39,12,30,4606.4,4606,0,470.0,397.2,11.6,0.9999,0.0727,88246.28,19.16
1296,2026-07-26,FC_DEL,S3,2563,2660,24,9,2,0,22,9,23,2662.6,2660,0,287.0,246.2,10.8,0.999,0.0606,58113.0,21.85
1297,2026-07-26,FC_KOL,S1,2373,2502,21,8,0,1,21,7,5,2507.0,2502,0,237.0,206.6,12.11,0.998,0.0345,38972.0,15.58
1298,2026-07-26,FC_KOL,S2,2793,2734,26,9,2,1,24,8,18,2742.0,2734,0,298.0,248.4,11.01,0.9971,0.0857,51219.84,18.73
1299,2026-07-26,FC_KOL,S3,1961,1905,20,7,2,0,18,7,0,1920.5,1905,0,216.0,180.0,10.58,0.9919,0.0741,38605.6,20.27
1300,2026-07-26,FC_MUM,S1,3389,3146,30,11,1,0,29,11,2,3625.4,3146,0,330.0,290.0,10.85,0.8678,0.0244,59734.0,18.99
1301,2026-07-26,FC_MUM,S2,4111,3798,37,13,2,0,35,13,0,4085.6,3798,0,400.0,345.6,10.99,0.9296,0.04,74275.36,19.56
1302,2026-07-26,FC_MUM,S3,2101,2173,21,7,0,1,21,6,0,2319.7,2173,0,224.0,194.4,11.18,0.9368,0.0357,44352.0,20.41
1303,2026-07-26,FC_HYD,S1,2684,2930,23,8,3,1,20,7,36,2689.3,2689,241,284.0,230.4,11.67,0.9999,0.129,50092.0,18.63
1304,2026-07-26,FC_HYD,S2,3114,3228,27,10,0,0,27,10,0,3630.5,3228,0,296.0,266.4,12.12,0.8891,0.0,50923.2,15.78
1305,2026-07-26,FC_HYD,S3,1824,1965,18,7,1,1,17,6,0,1969.9,1965,0,200.0,165.6,11.87,0.9975,0.08,36801.6,18.73
1306,2026-07-27,FC_BLR,S1,2737,2532,23,8,1,0,22,8,0,3070.9,2532,0,248.0,216.0,11.72,0.8245,0.0323,42832.0,16.92
1307,2026-07-27,FC_BLR,S2,3388,3034,29,10,1,1,28,9,0,3287.9,3034,0,312.0,266.4,11.39,0.9228,0.0513,55488.16,18.29
1308,2026-07-27,FC_BLR,S3,1938,1934,18,7,1,1,17,6,9,1934.9,1934,0,209.0,174.6,11.08,0.9995,0.08,40596.6,20.99
1309,2026-07-27,FC_DEL,S1,3220,2882,27,10,2,2,25,8,0,3201.7,2882,0,296.0,237.6,12.13,0.9001,0.1081,52560.0,18.24
1310,2026-07-27,FC_DEL,S2,2920,2959,27,9,1,2,26,7,6,2961.4,2959,0,294.0,243.6,12.15,0.9992,0.0833,54099.72,18.28
1311,2026-07-27,FC_DEL,S3,2229,2142,21,7,0,0,21,7,0,2331.8,2142,0,224.0,201.6,10.62,0.9186,0.0,43612.8,20.36
1312,2026-07-27,FC_KOL,S1,1731,1823,16,5,2,0,14,5,3,1833.0,1823,0,171.0,139.8,13.04,0.9946,0.0952,27916.0,15.31
1313,2026-07-27,FC_KOL,S2,2670,2479,25,9,1,0,24,9,0,2846.9,2479,0,272.0,237.6,10.43,0.8708,0.0294,45558.96,18.38
1314,2026-07-27,FC_KOL,S3,1442,1541,15,5,3,0,12,5,28,1542.4,1541,0,188.0,150.4,10.25,0.9991,0.15,35824.8,23.25
1315,2026-07-27,FC_MUM,S1,2152,2483,19,7,1,0,18,7,22,2490.0,2483,0,230.0,202.0,12.29,0.9972,0.0385,43338.0,17.45
1316,2026-07-27,FC_MUM,S2,3049,2965,27,10,0,0,27,10,0,3446.5,2965,0,296.0,266.4,11.13,0.8603,0.0,55051.44,18.57
1317,2026-07-27,FC_MUM,S3,1933,1738,20,7,0,0,20,7,0,2285.2,1738,0,216.0,194.4,8.94,0.7606,0.0,42829.6,24.64
1318,2026-07-27,FC_HYD,S1,2571,2260,22,8,1,0,21,8,0,2682.8,2260,0,240.0,208.8,10.82,0.8424,0.0333,40064.0,17.73
1319,2026-07-27,FC_HYD,S2,3030,2590,28,10,4,3,24,7,0,2831.8,2590,0,304.0,223.2,11.6,0.9146,0.1842,52241.6,20.17
1320,2026-07-27,FC_HYD,S3,1735,1648,17,6,0,1,17,5,0,1849.2,1648,0,184.0,158.4,10.4,0.8912,0.0435,33756.8,20.48
1321,2026-07-28,FC_BLR,S1,2744,2748,24,8,0,0,24,8,0,2856.9,2748,0,256.0,230.4,11.93,0.9619,0.0,44160.0,16.07
1322,2026-07-28,FC_BLR,S2,2654,2978,23,8,3,2,20,6,36,2711.6,2711,267,284.0,223.2,12.15,0.9998,0.1613,53386.96,19.69
1323,2026-07-28,FC_BLR,S3,1891,1969,18,7,0,1,18,6,5,1976.2,1969,0,205.0,177.8,11.07,0.9964,0.04,39496.6,20.06
1324,2026-07-28,FC_DEL,S1,2647,2757,24,8,3,1,21,7,13,2758.0,2757,0,269.0,214.6,12.85,0.9996,0.125,48666.0,17.65
1325,2026-07-28,FC_DEL,S2,3352,3495,30,11,1,0,29,11,0,3601.5,3495,0,328.0,288.0,12.14,0.9704,0.0244,59970.72,17.16
1326,2026-07-28,FC_DEL,S3,2173,2066,21,7,2,0,19,7,0,2171.7,2066,0,224.0,187.2,11.04,0.9513,0.0714,43612.8,21.11
1327,2026-07-28,FC_KOL,S1,2038,2096,20,7,0,0,20,7,2,2448.3,2096,0,218.0,196.4,10.67,0.8561,0.0,35568.0,16.97
1328,2026-07-28,FC_KOL,S2,2263,2504,20,7,1,0,19,7,27,2511.1,2504,0,243.0,214.2,11.69,0.9972,0.037,42712.04,17.06
1329,2026-07-28,FC_KOL,S3,1459,1460,15,5,1,0,14,5,3,1463.2,1460,0,163.0,139.8,10.44,0.9978,0.05,29334.8,20.09
1330,2026-07-28,FC_MUM,S1,2879,2733,25,9,3,0,22,9,0,2857.6,2733,0,272.0,223.2,12.24,0.9564,0.0882,49072.0,17.96
1331,2026-07-28,FC_MUM,S2,3246,3229,29,10,0,0,29,10,0,3659.6,3229,0,312.0,280.8,11.5,0.8823,0.0,57902.48,17.93
1332,2026-07-28,FC_MUM,S3,1911,2054,18,7,0,3,18,4,36,2047.2,2047,7,236.0,194.4,10.53,0.9999,0.12,50199.6,24.52
1333,2026-07-28,FC_HYD,S1,2601,2467,22,8,1,1,21,7,0,2615.9,2467,0,240.0,201.6,12.24,0.9431,0.0667,40064.0,16.24
1334,2026-07-28,FC_HYD,S2,2653,2578,23,8,0,0,23,8,0,2737.8,2578,0,248.0,223.2,11.55,0.9416,0.0,42584.32,16.52
1335,2026-07-28,FC_HYD,S3,1795,1828,16,6,1,0,15,6,9,1834.0,1828,0,185.0,160.2,11.41,0.9967,0.0455,34754.5,19.01
1336,2026-07-29,FC_BLR,S1,2493,2911,20,7,2,1,18,6,36,2511.4,2511,400,252.0,208.8,12.03,0.9998,0.1111,46312.0,18.44
1337,2026-07-29,FC_BLR,S2,3013,3002,26,9,2,1,24,8,4,3006.0,3002,0,284.0,234.4,12.81,0.9987,0.0857,50832.56,16.93
1338,2026-07-29,FC_BLR,S3,1976,1967,19,7,1,0,18,7,5,2137.4,1967,0,213.0,185.0,10.63,0.9203,0.0385,40957.4,20.82
1339,2026-07-29,FC_DEL,S1,2939,3109,25,9,1,2,24,7,33,3117.8,3109,0,305.0,256.2,12.14,0.9972,0.0882,56770.0,18.26
1340,2026-07-29,FC_DEL,S2,3610,3406,33,12,2,1,31,11,0,4034.9,3406,0,360.0,302.4,11.26,0.8441,0.0667,65804.64,19.32
1341,2026-07-29,FC_DEL,S3,2520,2527,25,9,1,0,24,9,2,2533.3,2527,0,274.0,239.6,10.55,0.9975,0.0294,53649.2,21.23
1342,2026-07-29,FC_KOL,S1,2229,2088,21,8,2,2,19,6,0,2116.9,2088,0,232.0,180.0,11.6,0.9864,0.1379,37792.0,18.1
1343,2026-07-29,FC_KOL,S2,2533,2413,24,8,0,0,24,8,0,2765.3,2413,0,256.0,230.4,10.47,0.8726,0.0,42782.08,17.73
1344,2026-07-29,FC_KOL,S3,1379,1493,14,5,0,0,14,5,0,1567.5,1493,0,152.0,136.8,10.91,0.9524,0.0,27183.2,18.21
1345,2026-07-29,FC_MUM,S1,2172,2361,19,7,0,0,19,7,0,2382.4,2361,0,208.0,187.2,12.61,0.991,0.0,37552.0,15.91
1346,2026-07-29,FC_MUM,S2,2776,2903,25,9,2,0,23,9,15,2905.9,2903,0,287.0,245.4,11.83,0.999,0.0588,54607.51,18.81
1347,2026-07-29,FC_MUM,S3,1880,2004,19,7,0,1,19,6,0,2093.0,2004,0,208.0,180.0,11.13,0.9575,0.0385,41307.2,20.61
1348,2026-07-29,FC_HYD,S1,2442,2360,21,8,2,0,19,8,0,2555.6,2360,0,232.0,194.4,12.14,0.9235,0.069,38784.0,16.43
1349,2026-07-29,FC_HYD,S2,3112,2965,28,10,0,0,28,10,0,3757.5,2965,0,304.0,273.6,10.84,0.7891,0.0,52241.6,17.62
1350,2026-07-29,FC_HYD,S3,1808,1659,17,6,1,0,16,6,0,1944.1,1659,0,184.0,158.4,10.47,0.8533,0.0435,33756.8,20.35
1351,2026-07-30,FC_BLR,S1,2964,2881,24,8,3,0,21,8,0,2894.4,2881,0,256.0,208.8,13.8,0.9954,0.0938,44160.0,15.33
1352,2026-07-30,FC_BLR,S2,3153,3219,28,10,3,0,25,10,0,3234.7,3219,0,304.0,252.0,12.77,0.9951,0.0789,54120.32,16.81
1353,2026-07-30,FC_BLR,S3,2228,2091,21,8,0,1,21,7,0,2399.9,2091,0,232.0,201.6,10.37,0.8713,0.0345,44193.6,21.14
1354,2026-07-30,FC_DEL,S1,3375,3368,29,10,1,1,28,9,1,3372.6,3368,0,313.0,267.4,12.6,0.9986,0.0513,55538.0,16.49
1355,2026-07-30,FC_DEL,S2,3733,3575,33,11,0,2,33,9,0,3698.2,3575,0,352.0,302.4,11.82,0.9667,0.0455,64173.12,17.95
1356,2026-07-30,FC_DEL,S3,2243,2200,22,8,2,0,20,8,0,2330.7,2200,0,240.0,201.6,10.91,0.9439,0.0667,46851.2,21.3
1357,2026-07-30,FC_KOL,S1,2082,2287,18,7,2,0,16,7,34,2290.6,2287,0,234.0,199.6,11.46,0.9984,0.08,40624.0,17.76
1358,2026-07-30,FC_KOL,S2,2643,2720,24,8,0,0,24,8,4,2727.6,2720,0,260.0,234.4,11.6,0.9972,0.0,43754.4,16.09
1359,2026-07-30,FC_KOL,S3,1561,1530,16,6,1,0,15,6,0,1640.2,1530,0,176.0,151.2,10.12,0.9328,0.0455,31521.6,20.6
1360,2026-07-30,FC_MUM,S1,2982,3064,26,9,1,1,25,8,6,3066.8,3064,0,286.0,243.6,12.58,0.9991,0.0571,52034.0,16.98
1361,2026-07-30,FC_MUM,S2,3224,3387,29,10,0,0,29,10,13,3389.5,3387,0,325.0,293.8,11.53,0.9993,0.0,61424.05,18.14
1362,2026-07-30,FC_MUM,S3,1989,1966,19,7,0,0,19,7,0,2053.8,1966,0,208.0,187.2,10.5,0.9572,0.0,41307.2,21.01
1363,2026-07-30,FC_HYD,S1,2387,2265,19,7,0,0,19,7,0,2347.9,2265,0,208.0,187.2,12.1,0.9647,0.0,34736.0,15.34
1364,2026-07-30,FC_HYD,S2,2607,2615,24,8,1,0,23,8,0,2666.9,2615,0,256.0,223.2,11.72,0.9805,0.0312,43902.72,16.79
1365,2026-07-30,FC_HYD,S3,1768,1804,18,6,0,0,18,6,0,2101.4,1804,0,192.0,172.8,10.44,0.8585,0.0,35164.8,19.49
1366,2026-07-31,FC_BLR,S1,2902,2948,24,9,0,2,24,7,0,2990.3,2948,0,264.0,223.2,13.21,0.9859,0.0606,45696.0,15.5
1367,2026-07-31,FC_BLR,S2,3676,3538,33,11,2,2,31,9,0,3564.5,3538,0,352.0,288.0,12.28,0.9926,0.0909,62541.6,17.68
1368,2026-07-31,FC_BLR,S3,2038,2196,20,7,1,0,19,7,19,2204.3,2196,0,235.0,206.2,10.65,0.9962,0.037,46268.2,21.07
1369,2026-07-31,FC_DEL,S1,3074,3095,27,10,1,1,26,9,0,3165.9,3095,0,296.0,252.0,12.28,0.9776,0.0541,52560.0,16.98
1370,2026-07-31,FC_DEL,S2,3743,3682,33,12,0,1,33,11,0,3916.2,3682,0,360.0,316.8,11.62,0.9402,0.0222,65804.64,17.87
1371,2026-07-31,FC_DEL,S3,2321,2398,21,8,3,2,18,6,36,2302.7,2302,96,268.0,208.8,11.02,0.9997,0.1724,55572.0,24.14
1372,2026-07-31,FC_KOL,S1,2490,2429,21,8,1,0,20,8,7,2437.6,2429,0,239.0,208.6,11.64,0.9965,0.0345,39444.0,16.24
1373,2026-07-31,FC_KOL,S2,2366,2527,22,8,0,2,22,6,6,2528.9,2527,0,246.0,207.6,12.17,0.9992,0.0667,41669.68,16.49
1374,2026-07-31,FC_KOL,S3,1597,1546,18,6,1,1,17,5,0,1741.5,1546,0,192.0,158.4,9.76,0.8877,0.0833,34267.2,22.17
1375,2026-07-31,FC_MUM,S1,2987,2969,27,9,2,0,25,9,0,3067.9,2969,0,288.0,244.8,12.13,0.9678,0.0556,51840.0,17.46
1376,2026-07-31,FC_MUM,S2,3853,3607,36,13,2,1,34,12,0,4044.7,3607,0,392.0,331.2,10.89,0.8918,0.0612,72849.84,20.2
1377,2026-07-31,FC_MUM,S3,2243,2115,23,8,1,0,22,8,0,2354.9,2115,0,248.0,216.0,9.79,0.8981,0.0323,49165.6,23.25
1378,2026-07-31,FC_HYD,S1,2832,2608,24,9,1,1,23,8,0,2825.2,2608,0,264.0,223.2,11.68,0.9231,0.0606,44112.0,16.91
1379,2026-07-31,FC_HYD,S2,3048,3022,27,10,4,1,23,9,6,3028.6,3022,0,302.0,236.4,12.78,0.9978,0.1351,52424.94,17.35
1380,2026-07-31,FC_HYD,S3,1879,1914,18,7,2,1,16,6,3,1914.7,1914,0,203.0,161.4,11.86,0.9997,0.12,37603.5,19.65
